Tick (ms),ADC Value
381428,-209
381430,-225
381432,-197
381434,-235
381436,-196
381438,-192
381440,-185
381442,-198
381444,-222
381446,-233
381448,-227
381450,-213
381452,-222
381454,-212
381456,-227
381458,-221
381460,-259
381462,-213
381464,-231
381466,-213
381468,-267
381470,-228
381472,-267
381474,-267
381476,-227
381478,-247
381480,-255
381482,-239
381484,-225
381486,-237
381488,-251
381490,-277
381492,-208
381494,-233
381496,-217
381498,-220
381500,-179
381502,-235
381504,-217
381506,-220
381508,-187
381510,-221
381512,-226
381514,-208
381516,-181
381518,-207
381520,-196
381522,-180
381524,-178
381526,-185
381528,-178
381530,-201
381532,-209
381534,-196
381536,-207
381538,-169
381540,-203
381542,-179
381544,-175
381546,-176
381548,-187
381550,-193
381552,-210
381554,-193
381556,-188
381558,-177
381560,-204
381562,-208
381564,-219
381566,-187
381568,-217
381570,-203
381572,-219
381574,-235
381576,-215
381578,-221
381580,-207
381582,-220
381584,-223
381586,-205
381588,-221
381590,-227
381592,-226
381594,-275
381596,-219
381598,-243
381600,-228
381602,-235
381604,-198
381606,-235
381608,-245
381610,-217
381612,-217
381614,-251
381616,-227
381618,-236
381620,-259
381622,-221
381624,-204
381626,-201
381628,-217
381630,-201
381632,-255
381634,-187
381636,-230
381638,-235
381640,-255
381642,-212
381644,-263
381646,-353
381648,-243
381650,-219
381652,-236
381654,-337
381656,-237
381658,-241
381660,-235
381662,-271
381664,-241
381666,-263
381668,-283
381670,-285
381672,-228
381674,-233
381676,-289
381678,-277
381680,-229
381682,-271
381684,-269
381686,-263
381688,-283
381690,-287
381692,-251
381694,-224
381696,-241
381698,-233
381700,-225
381702,-214
381704,-222
381706,-211
381708,-212
381710,-233
381712,-245
381714,-243
381716,-301
381718,-287
381720,-291
381722,-335
381724,-283
381726,-277
381728,-251
381730,-226
381732,-230
381734,-205
381736,-223
381738,-199
381740,-219
381742,-188
381744,-205
381746,-172
381748,-151
381750,-114
381752,-121
381754,-131
381756,-134
381758,-126
381760,-149
381762,-188
381764,-148
381766,-194
381768,-137
381770,-182
381772,-131
381774,-185
381776,-169
381778,-179
381780,-211
381782,-219
381784,-198
381786,-195
381788,-230
381790,-209
381792,-208
381794,-226
381796,-291
381798,-259
381800,-323
381802,-355
381804,-357
381806,-371
381808,-331
381810,-403
381812,-435
381814,-459
381816,-429
381818,-463
381820,-433
381822,-417
381824,-387
381826,-369
381828,-411
381830,-343
381832,-349
381834,-291
381836,-349
381838,-283
381840,-327
381842,-259
381844,-267
381846,-235
381848,-205
381850,-183
381852,-190
381854,-194
381856,-203
381858,-201
381860,-176
381862,-208
381864,-155
381866,-171
381868,-169
381870,-197
381872,-171
381874,-174
381876,-204
381878,-221
381880,-215
381882,-235
381884,-235
381886,-271
381888,-243
381890,-230
381892,-283
381894,-353
381896,-325
381898,-335
381900,-341
381902,-423
381904,-335
381906,-395
381908,-371
381910,-359
381912,-387
381914,-385
381916,-401
381918,-373
381920,-401
381922,-365
381924,-395
381926,-303
381928,-451
381930,-287
381932,-357
381934,-293
381936,-369
381938,-261
381940,-311
381942,-307
381944,-327
381946,-243
381948,-271
381950,-243
381952,-220
381954,-230
381956,-241
381958,-217
381960,-213
381962,-224
381964,-222
381966,-227
381968,-208
381970,-197
381972,-178
381974,-189
381976,-171
381978,-201
381980,-174
381982,-199
381984,-181
381986,-194
381988,-169
381990,-164
381992,-161
381994,-159
381996,-160
381998,-171
382000,-158
382002,-204
382004,-188
382006,-174
382008,-155
382010,-188
382012,-185
382014,-169
382016,-192
382018,-183
382020,-183
382022,-197
382024,-188
382026,-208
382028,-219
382030,-181
382032,-213
382034,-199
382036,-219
382038,-204
382040,-238
382042,-227
382044,-224
382046,-204
382048,-210
382050,-231
382052,-174
382054,-195
382056,-187
382058,-191
382060,-171
382062,-215
382064,-181
382066,-211
382068,-156
382070,-180
382072,-162
382074,-145
382076,-107
382078,-159
382080,-130
382082,-142
382084,-130
382086,-165
382088,-159
382090,-126
382092,-101
382094,-103
382096,-113
382098,-86
382100,-101
382102,-97
382104,-129
382106,-102
382108,-131
382110,-135
382112,-119
382114,-107
382116,-97
382118,-89
382120,-123
382122,-125
382124,-132
382126,-143
382128,-153
382130,-158
382132,-177
382134,-155
382136,-146
382138,-134
382140,-126
382142,-130
382144,-140
382146,-157
382148,-147
382150,-149
382152,-144
382154,-167
382156,-164
382158,-137
382160,-130
382162,-174
382164,-123
382166,-149
382168,-119
382170,-142
382172,-110
382174,-146
382176,-132
382178,-144
382180,-117
382182,-98
382184,-103
382186,-96
382188,-137
382190,-107
382192,-142
382194,-118
382196,-112
382198,-102
382200,-133
382202,-85
382204,-127
382206,-123
382208,-145
382210,-126
382212,-155
382214,-153
382216,-132
382218,-129
382220,-102
382222,-121
382224,-130
382226,-145
382228,-132
382230,-146
382232,-133
382234,-145
382236,-139
382238,-160
382240,-144
382242,-153
382244,-160
382246,-164
382248,-164
382250,-165
382252,-145
382254,-159
382256,-162
382258,-144
382260,-146
382262,-143
382264,-155
382266,-155
382268,-157
382270,-107
382272,-158
382274,-135
382276,-144
382278,-140
382280,-137
382282,-141
382284,-153
382286,-135
382288,-132
382290,-127
382292,-134
382294,-140
382296,-133
382298,-115
382300,-132
382302,-141
382304,-141
382306,-114
382308,-141
382310,-135
382312,-137
382314,-137
382316,-119
382318,-123
382320,-121
382322,-117
382324,-143
382326,-131
382328,-149
382330,-137
382332,-133
382334,-144
382336,-121
382338,-148
382340,-134
382342,-153
382344,-165
382346,-142
382348,-149
382350,-149
382352,-144
382354,-160
382356,-171
382358,-140
382360,-164
382362,-121
382364,-155
382366,-155
382368,-146
382370,-133
382372,-166
382374,-142
382376,-172
382378,-165
382380,-165
382382,-155
382384,-132
382386,-165
382388,-139
382390,-140
382392,-157
382394,-164
382396,-150
382398,-181
382400,-155
382402,-167
382404,-146
382406,-169
382408,-166
382410,-149
382412,-158
382414,-132
382416,-169
382418,-139
382420,-155
382422,-159
382424,-158
382426,-144
382428,-155
382430,-119
382432,-146
382434,-123
382436,-141
382438,-141
382440,-162
382442,-134
382444,-157
382446,-160
382448,-147
382450,-133
382452,-127
382454,-121
382456,-144
382458,-163
382460,-161
382462,-167
382464,-156
382466,-177
382468,-123
382470,-158
382472,-130
382474,-176
382476,-139
382478,-173
382480,-196
382482,-195
382484,-183
382486,-191
382488,-172
382490,-150
382492,-180
382494,-159
382496,-169
382498,-185
382500,-203
382502,-211
382504,-194
382506,-167
382508,-185
382510,-181
382512,-167
382514,-157
382516,-182
382518,-175
382520,-196
382522,-190
382524,-210
382526,-195
382528,-194
382530,-174
382532,-144
382534,-134
382536,-164
382538,-143
382540,-179
382542,-160
382544,-177
382546,-172
382548,-163
382550,-175
382552,-145
382554,-128
382556,-146
382558,-169
382560,-153
382562,-181
382564,-175
382566,-199
382568,-194
382570,-171
382572,-189
382574,-193
382576,-124
382578,-174
382580,-177
382582,-189
382584,-182
382586,-210
382588,-239
382590,-195
382592,-215
382594,-221
382596,-206
382598,-155
382600,-217
382602,-183
382604,-213
382606,-185
382608,-242
382610,-239
382612,-203
382614,-194
382616,-181
382618,-185
382620,-179
382622,-171
382624,-183
382626,-193
382628,-206
382630,-187
382632,-189
382634,-169
382636,-133
382638,-146
382640,-121
382642,-141
382644,-133
382646,-169
382648,-169
382650,-177
382652,-137
382654,-171
382656,-129
382658,-155
382660,-132
382662,-156
382664,-161
382666,-169
382668,-171
382670,-198
382672,-201
382674,-176
382676,-196
382678,-161
382680,-180
382682,-165
382684,-185
382686,-217
382688,-221
382690,-219
382692,-239
382694,-226
382696,-223
382698,-219
382700,-217
382702,-197
382704,-242
382706,-205
382708,-245
382710,-207
382712,-224
382714,-210
382716,-207
382718,-214
382720,-217
382722,-209
382724,-187
382726,-226
382728,-195
382730,-192
382732,-182
382734,-211
382736,-167
382738,-190
382740,-148
382742,-197
382744,-150
382746,-167
382748,-158
382750,-173
382752,-150
382754,-153
382756,-165
382758,-165
382760,-190
382762,-166
382764,-171
382766,-142
382768,-160
382770,-149
382772,-150
382774,-171
382776,-191
382778,-171
382780,-185
382782,-162
382784,-188
382786,-171
382788,-177
382790,-169
382792,-182
382794,-185
382796,-195
382798,-188
382800,-209
382802,-199
382804,-189
382806,-201
382808,-203
382810,-208
382812,-217
382814,-179
382816,-205
382818,-205
382820,-207
382822,-185
382824,-211
382826,-209
382828,-213
382830,-224
382832,-201
382834,-217
382836,-209
382838,-221
382840,-199
382842,-205
382844,-180
382846,-229
382848,-173
382850,-188
382852,-187
382854,-187
382856,-171
382858,-174
382860,-151
382862,-166
382864,-140
382866,-142
382868,-179
382870,-153
382872,-175
382874,-139
382876,-166
382878,-124
382880,-143
382882,-131
382884,-142
382886,-155
382888,-137
382890,-133
382892,-157
382894,-151
382896,-171
382898,-143
382900,-131
382902,-173
382904,-118
382906,-153
382908,-148
382910,-173
382912,-156
382914,-215
382916,-226
382918,-212
382920,-189
382922,-189
382924,-185
382926,-173
382928,-190
382930,-178
382932,-192
382934,-190
382936,-219
382938,-193
382940,-211
382942,-197
382944,-196
382946,-185
382948,-182
382950,-187
382952,-199
382954,-171
382956,-178
382958,-197
382960,-165
382962,-160
382964,-181
382966,-180
382968,-185
382970,-196
382972,-174
382974,-156
382976,-193
382978,-157
382980,-173
382982,-158
382984,-158
382986,-162
382988,-169
382990,-187
382992,-179
382994,-183
382996,-183
382998,-165
383000,-147
383002,-164
383004,-125
383006,-176
383008,-129
383010,-167
383012,-142
383014,-176
383016,-173
383018,-196
383020,-187
383022,-181
383024,-161
383026,-174
383028,-164
383030,-141
383032,-169
383034,-139
383036,-208
383038,-164
383040,-189
383042,-171
383044,-198
383046,-150
383048,-157
383050,-147
383052,-149
383054,-163
383056,-179
383058,-176
383060,-182
383062,-201
383064,-190
383066,-174
383068,-153
383070,-166
383072,-142
383074,-160
383076,-183
383078,-197
383080,-195
383082,-183
383084,-182
383086,-203
383088,-195
383090,-204
383092,-176
383094,-182
383096,-187
383098,-195
383100,-190
383102,-194
383104,-161
383106,-177
383108,-161
383110,-181
383112,-159
383114,-162
383116,-176
383118,-159
383120,-163
383122,-150
383124,-149
383126,-112
383128,-133
383130,-125
383132,-143
383134,-140
383136,-164
383138,-148
383140,-183
383142,-124
383144,-144
383146,-144
383148,-141
383150,-128
383152,-167
383154,-166
383156,-173
383158,-177
383160,-187
383162,-169
383164,-166
383166,-153
383168,-146
383170,-175
383172,-126
383174,-204
383176,-192
383178,-221
383180,-204
383182,-210
383184,-224
383186,-235
383188,-210
383190,-206
383192,-191
383194,-190
383196,-217
383198,-187
383200,-210
383202,-194
383204,-204
383206,-208
383208,-214
383210,-179
383212,-194
383214,-182
383216,-157
383218,-176
383220,-173
383222,-149
383224,-155
383226,-187
383228,-180
383230,-167
383232,-164
383234,-137
383236,-156
383238,-150
383240,-169
383242,-139
383244,-150
383246,-180
383248,-181
383250,-147
383252,-172
383254,-201
383256,-172
383258,-156
383260,-179
383262,-175
383264,-194
383266,-187
383268,-180
383270,-201
383272,-185
383274,-223
383276,-187
383278,-226
383280,-193
383282,-192
383284,-267
383286,-295
383288,-251
383290,-269
383292,-249
383294,-217
383296,-119
383298,-129
383300,-219
383302,-231
383304,-233
383306,-281
383308,-311
383310,-220
383312,-258
383314,-242
383316,-185
383318,-183
383320,-158
383322,-185
383324,-240
383326,-242
383328,-229
383330,-197
383332,-180
383334,-137
383336,-157
383338,-143
383340,-217
383342,-226
383344,-299
383346,-316
383348,-270
383350,-159
383352,-142
383354,-153
383356,-192
383358,-178
383360,-140
383362,-203
383364,-241
383366,-254
383368,-210
383370,-220
383372,-188
383374,-181
383376,-135
383378,-148
383380,-124
383382,-150
383384,-189
383386,-237
383388,-205
383390,-195
383392,-195
383394,-212
383396,-252
383398,-221
383400,-210
383402,-169
383404,-187
383406,-187
383408,-188
383410,-225
383412,-238
383414,-235
383416,-258
383418,-253
383420,-262
383422,-203
383424,-229
383426,-253
383428,-259
383430,-241
383432,-227
383434,-265
383436,-267
383438,-253
383440,-281
383442,-283
383444,-230
383446,-214
383448,-238
383450,-242
383452,-208
383454,-222
383456,-192
383458,-187
383460,-209
383462,-176
383464,-161
383466,-173
383468,-206
383470,-226
383472,-179
383474,-199
383476,-126
383478,-137
383480,-121
383482,-166
383484,-125
383486,-131
383488,-148
383490,-203
383492,-187
383494,-179
383496,-167
383498,-172
383500,-159
383502,-153
383504,-190
383506,-181
383508,-220
383510,-204
383512,-241
383514,-225
383516,-214
383518,-226
383520,-224
383522,-229
383524,-245
383526,-230
383528,-213
383530,-207
383532,-230
383534,-199
383536,-169
383538,-214
383540,-203
383542,-222
383544,-203
383546,-223
383548,-223
383550,-187
383552,-192
383554,-187
383556,-182
383558,-179
383560,-180
383562,-195
383564,-199
383566,-182
383568,-185
383570,-171
383572,-155
383574,-177
383576,-153
383578,-185
383580,-174
383582,-197
383584,-192
383586,-194
383588,-195
383590,-204
383592,-173
383594,-188
383596,-189
383598,-176
383600,-180
383602,-176
383604,-187
383606,-171
383608,-171
383610,-169
383612,-194
383614,-180
383616,-207
383618,-201
383620,-192
383622,-171
383624,-204
383626,-166
383628,-146
383630,-147
383632,-181
383634,-165
383636,-176
383638,-210
383640,-196
383642,-187
383644,-162
383646,-187
383648,-188
383650,-181
383652,-182
383654,-188
383656,-180
383658,-201
383660,-209
383662,-187
383664,-183
383666,-199
383668,-194
383670,-177
383672,-158
383674,-209
383676,-179
383678,-190
383680,-175
383682,-211
383684,-173
383686,-193
383688,-185
383690,-190
383692,-137
383694,-140
383696,-155
383698,-143
383700,-145
383702,-160
383704,-153
383706,-140
383708,-156
383710,-137
383712,-147
383714,-117
383716,-133
383718,-123
383720,-143
383722,-126
383724,-159
383726,-131
383728,-155
383730,-169
383732,-162
383734,-133
383736,-137
383738,-173
383740,-128
383742,-158
383744,-142
383746,-191
383748,-155
383750,-185
383752,-175
383754,-199
383756,-199
383758,-188
383760,-178
383762,-180
383764,-215
383766,-199
383768,-169
383770,-156
383772,-208
383774,-162
383776,-189
383778,-153
383780,-204
383782,-140
383784,-155
383786,-160
383788,-161
383790,-137
383792,-151
383794,-150
383796,-118
383798,-140
383800,-125
383802,-108
383804,-107
383806,-137
383808,-107
383810,-128
383812,-105
383814,-112
383816,-127
383818,-129
383820,-133
383822,-118
383824,-103
383826,-126
383828,-112
383830,-131
383832,-121
383834,-156
383836,-157
383838,-171
383840,-187
383842,-173
383844,-153
383846,-182
383848,-156
383850,-201
383852,-156
383854,-176
383856,-188
383858,-194
383860,-195
383862,-180
383864,-173
383866,-171
383868,-163
383870,-171
383872,-185
383874,-143
383876,-213
383878,-150
383880,-172
383882,-153
383884,-187
383886,-148
383888,-161
383890,-176
383892,-140
383894,-149
383896,-145
383898,-158
383900,-124
383902,-148
383904,-137
383906,-199
383908,-151
383910,-166
383912,-123
383914,-133
383916,-141
383918,-113
383920,-133
383922,-126
383924,-142
383926,-164
383928,-171
383930,-155
383932,-174
383934,-153
383936,-149
383938,-105
383940,-164
383942,-143
383944,-181
383946,-173
383948,-207
383950,-195
383952,-192
383954,-203
383956,-198
383958,-201
383960,-205
383962,-189
383964,-187
383966,-205
383968,-201
383970,-201
383972,-172
383974,-222
383976,-193
383978,-203
383980,-174
383982,-194
383984,-193
383986,-199
383988,-201
383990,-206
383992,-185
383994,-209
383996,-177
383998,-178
384000,-171
384002,-174
384004,-181
384006,-157
384008,-179
384010,-144
384012,-157
384014,-137
384016,-196
384018,-173
384020,-185
384022,-194
384024,-169
384026,-180
384028,-162
384030,-162
384032,-155
384034,-176
384036,-169
384038,-169
384040,-160
384042,-189
384044,-171
384046,-195
384048,-174
384050,-198
384052,-190
384054,-182
384056,-191
384058,-180
384060,-175
384062,-178
384064,-183
384066,-193
384068,-197
384070,-180
384072,-201
384074,-187
384076,-175
384078,-219
384080,-270
384082,-293
384084,-301
384086,-342
384088,-377
384090,-402
384092,-391
384094,-354
384096,-235
384098,-215
384100,-205
384102,-126
384104,-61
384106,-91
384108,-103
384110,-75
384112,-89
384114,-109
384116,-125
384118,-80
384120,-94
384122,-89
384124,-45
384126,-1
384128,-54
384130,-38
384132,-51
384134,-76
384136,-81
384138,-89
384140,-85
384142,-107
384144,-95
384146,-153
384148,-137
384150,-197
384152,-190
384154,-244
384156,-233
384158,-255
384160,-251
384162,-267
384164,-256
384166,-252
384168,-276
384170,-272
384172,-297
384174,-265
384176,-301
384178,-261
384180,-267
384182,-215
384184,-235
384186,-188
384188,-205
384190,-192
384192,-183
384194,-203
384196,-179
384198,-143
384200,-139
384202,-134
384204,-94
384206,-109
384208,-75
384210,-117
384212,-80
384214,-109
384216,-113
384218,-114
384220,-109
384222,-76
384224,-78
384226,-76
384228,-81
384230,-92
384232,-118
384234,-113
384236,-137
384238,-164
384240,-153
384242,-172
384244,-171
384246,-163
384248,-161
384250,-201
384252,-211
384254,-201
384256,-213
384258,-224
384260,-245
384262,-220
384264,-201
384266,-199
384268,-233
384270,-206
384272,-215
384274,-217
384276,-220
384278,-206
384280,-229
384282,-199
384284,-189
384286,-201
384288,-151
384290,-169
384292,-169
384294,-159
384296,-140
384298,-157
384300,-146
384302,-137
384304,-134
384306,-130
384308,-105
384310,-146
384312,-85
384314,-112
384316,-95
384318,-145
384320,-118
384322,-131
384324,-137
384326,-118
384328,-135
384330,-131
384332,-119
384334,-125
384336,-164
384338,-153
384340,-155
384342,-147
384344,-193
384346,-164
384348,-185
384350,-161
384352,-203
384354,-175
384356,-192
384358,-217
384360,-213
384362,-213
384364,-237
384366,-201
384368,-228
384370,-199
384372,-201
384374,-176
384376,-203
384378,-191
384380,-187
384382,-191
384384,-210
384386,-206
384388,-194
384390,-183
384392,-179
384394,-176
384396,-137
384398,-142
384400,-145
384402,-165
384404,-155
384406,-148
384408,-162
384410,-158
384412,-156
384414,-137
384416,-132
384418,-148
384420,-155
384422,-157
384424,-180
384426,-156
384428,-164
384430,-149
384432,-153
384434,-155
384436,-187
384438,-171
384440,-199
384442,-174
384444,-224
384446,-203
384448,-215
384450,-215
384452,-243
384454,-237
384456,-233
384458,-267
384460,-279
384462,-269
384464,-272
384466,-262
384468,-267
384470,-268
384472,-246
384474,-242
384476,-238
384478,-272
384480,-210
384482,-249
384484,-201
384486,-226
384488,-194
384490,-187
384492,-190
384494,-155
384496,-132
384498,-130
384500,-102
384502,-85
384504,-126
384506,-99
384508,-111
384510,-98
384512,-113
384514,-87
384516,-76
384518,-32
384520,9
384522,38
384524,22
384526,35
384528,17
384530,-23
384532,-36
384534,-57
384536,-65
384538,-73
384540,-80
384542,-78
384544,-75
384546,-141
384548,-113
384550,-130
384552,-169
384554,-229
384556,-225
384558,-249
384560,-270
384562,-294
384564,-295
384566,-324
384568,-347
384570,-340
384572,-372
384574,-393
384576,-381
384578,-347
384580,-377
384582,-369
384584,-388
384586,-369
384588,-381
384590,-347
384592,-359
384594,-313
384596,-285
384598,-265
384600,-240
384602,-201
384604,-204
384606,-201
384608,-171
384610,-151
384612,-129
384614,-146
384616,-101
384618,-91
384620,-55
384622,-32
384624,-27
384626,-38
384628,-47
384630,-30
384632,-9
384634,11
384636,-27
384638,-7
384640,-43
384642,-45
384644,-43
384646,-83
384648,-87
384650,-144
384652,-98
384654,-151
384656,-158
384658,-167
384660,-180
384662,-169
384664,-217
384666,-260
384668,-226
384670,-265
384672,-273
384674,-267
384676,-265
384678,-256
384680,-236
384682,-220
384684,-253
384686,-258
384688,-265
384690,-253
384692,-259
384694,-255
384696,-235
384698,-205
384700,-207
384702,-185
384704,-161
384706,-167
384708,-198
384710,-188
384712,-197
384714,-177
384716,-148
384718,-153
384720,-139
384722,-125
384724,-133
384726,-107
384728,-119
384730,-158
384732,-195
384734,-209
384736,-181
384738,-236
384740,-217
384742,-212
384744,-194
384746,-210
384748,-178
384750,-230
384752,-233
384754,-281
384756,-283
384758,-292
384760,-327
384762,-297
384764,-288
384766,-256
384768,-233
384770,-217
384772,-226
384774,-233
384776,-240
384778,-229
384780,-251
384782,-227
384784,-242
384786,-203
384788,-203
384790,-159
384792,-145
384794,-147
384796,-160
384798,-157
384800,-139
384802,-160
384804,-140
384806,-153
384808,-145
384810,-121
384812,-140
384814,-95
384816,-127
384818,-102
384820,-150
384822,-148
384824,-153
384826,-158
384828,-153
384830,-160
384832,-156
384834,-169
384836,-175
384838,-187
384840,-176
384842,-207
384844,-219
384846,-269
384848,-245
384850,-236
384852,-239
384854,-251
384856,-269
384858,-310
384860,-307
384862,-325
384864,-319
384866,-334
384868,-326
384870,-288
384872,-301
384874,-293
384876,-257
384878,-273
384880,-283
384882,-259
384884,-267
384886,-271
384888,-267
384890,-208
384892,-220
384894,-180
384896,-163
384898,-151
384900,-135
384902,-134
384904,-126
384906,-102
384908,-111
384910,-97
384912,-78
384914,-75
384916,-33
384918,-13
384920,-44
384922,-37
384924,-64
384926,-69
384928,-76
384930,-73
384932,-52
384934,-109
384936,-54
384938,-81
384940,-137
384942,-98
384944,-137
384946,-145
384948,-187
384950,-192
384952,-158
384954,-217
384956,-208
384958,-230
384960,-226
384962,-217
384964,-246
384966,-267
384968,-243
384970,-297
384972,-295
384974,-263
384976,-258
384978,-226
384980,-255
384982,-228
384984,-227
384986,-215
384988,-245
384990,-226
384992,-241
384994,-189
384996,-219
384998,-148
385000,-147
385002,-149
385004,-144
385006,-164
385008,-146
385010,-157
385012,-131
385014,-169
385016,-117
385018,-69
385020,-93
385022,-83
385024,-112
385026,-69
385028,-73
385030,-143
385032,-108
385034,-96
385036,-101
385038,-164
385040,-140
385042,-156
385044,-134
385046,-179
385048,-145
385050,-187
385052,-175
385054,-208
385056,-201
385058,-220
385060,-201
385062,-210
385064,-207
385066,-227
385068,-228
385070,-215
385072,-235
385074,-222
385076,-198
385078,-198
385080,-217
385082,-187
385084,-185
385086,-180
385088,-203
385090,-193
385092,-242
385094,-198
385096,-188
385098,-217
385100,-137
385102,-169
385104,-124
385106,-150
385108,-128
385110,-130
385112,-139
385114,-145
385116,-158
385118,-139
385120,-155
385122,-176
385124,-183
385126,-156
385128,-149
385130,-162
385132,-161
385134,-155
385136,-176
385138,-155
385140,-192
385142,-189
385144,-187
385146,-207
385148,-188
385150,-209
385152,-177
385154,-190
385156,-181
385158,-166
385160,-187
385162,-161
385164,-176
385166,-162
385168,-166
385170,-149
385172,-185
385174,-179
385176,-169
385178,-137
385180,-171
385182,-130
385184,-150
385186,-137
385188,-153
385190,-151
385192,-145
385194,-171
385196,-161
385198,-169
385200,-169
385202,-156
385204,-151
385206,-144
385208,-171
385210,-169
385212,-185
385214,-179
385216,-215
385218,-182
385220,-217
385222,-193
385224,-199
385226,-209
385228,-227
385230,-210
385232,-217
385234,-211
385236,-239
385238,-215
385240,-221
385242,-207
385244,-205
385246,-212
385248,-159
385250,-209
385252,-179
385254,-221
385256,-181
385258,-228
385260,-206
385262,-196
385264,-171
385266,-185
385268,-173
385270,-143
385272,-155
385274,-161
385276,-139
385278,-139
385280,-162
385282,-176
385284,-207
385286,-188
385288,-219
385290,-187
385292,-197
385294,-157
385296,-171
385298,-142
385300,-190
385302,-209
385304,-201
385306,-217
385308,-235
385310,-220
385312,-189
385314,-187
385316,-199
385318,-189
385320,-196
385322,-190
385324,-209
385326,-228
385328,-197
385330,-194
385332,-151
385334,-135
385336,-146
385338,-167
385340,-162
385342,-173
385344,-175
385346,-199
385348,-181
385350,-173
385352,-118
385354,-146
385356,-112
385358,-124
385360,-109
385362,-132
385364,-143
385366,-157
385368,-158
385370,-141
385372,-171
385374,-141
385376,-145
385378,-131
385380,-130
385382,-175
385384,-128
385386,-149
385388,-150
385390,-150
385392,-176
385394,-180
385396,-185
385398,-151
385400,-192
385402,-213
385404,-209
385406,-172
385408,-188
385410,-192
385412,-220
385414,-188
385416,-190
385418,-156
385420,-180
385422,-190
385424,-195
385426,-211
385428,-213
385430,-201
385432,-133
385434,-172
385436,-204
385438,-153
385440,-123
385442,-139
385444,-143
385446,-195
385448,-221
385450,-246
385452,-183
385454,-201
385456,-194
385458,-178
385460,-144
385462,-137
385464,-141
385466,-157
385468,-217
385470,-203
385472,-210
385474,-236
385476,-190
385478,-191
385480,-190
385482,-201
385484,-185
385486,-207
385488,-206
385490,-203
385492,-211
385494,-199
385496,-193
385498,-187
385500,-150
385502,-185
385504,-196
385506,-169
385508,-174
385510,-182
385512,-178
385514,-166
385516,-173
385518,-155
385520,-176
385522,-153
385524,-201
385526,-213
385528,-213
385530,-181
385532,-192
385534,-188
385536,-206
385538,-194
385540,-175
385542,-181
385544,-208
385546,-187
385548,-220
385550,-194
385552,-233
385554,-217
385556,-214
385558,-196
385560,-205
385562,-227
385564,-159
385566,-194
385568,-188
385570,-226
385572,-212
385574,-257
385576,-123
385578,-201
385580,-123
385582,-192
385584,-165
385586,-108
385588,-116
385590,-165
385592,-162
385594,-171
385596,-175
385598,-153
385600,-131
385602,-135
385604,-161
385606,-134
385608,-108
385610,-133
385612,-169
385614,-169
385616,-185
385618,-203
385620,-208
385622,-175
385624,-203
385626,-194
385628,-194
385630,-219
385632,-212
385634,-203
385636,-228
385638,-269
385640,-255
385642,-241
385644,-233
385646,-229
385648,-199
385650,-247
385652,-213
385654,-231
385656,-206
385658,-219
385660,-235
385662,-219
385664,-214
385666,-177
385668,-181
385670,-193
385672,-171
385674,-178
385676,-157
385678,-175
385680,-179
385682,-165
385684,-177
385686,-139
385688,-167
385690,-121
385692,-166
385694,-128
385696,-155
385698,-162
385700,-173
385702,-150
385704,-146
385706,-180
385708,-150
385710,-174
385712,-156
385714,-191
385716,-149
385718,-190
385720,-183
385722,-213
385724,-201
385726,-233
385728,-201
385730,-226
385732,-210
385734,-214
385736,-203
385738,-235
385740,-233
385742,-279
385744,-245
385746,-273
385748,-241
385750,-253
385752,-243
385754,-211
385756,-239
385758,-213
385760,-224
385762,-235
385764,-228
385766,-228
385768,-231
385770,-210
385772,-203
385774,-171
385776,-174
385778,-180
385780,-215
385782,-217
385784,-226
385786,-222
385788,-217
385790,-214
385792,-196
385794,-174
385796,-178
385798,-172
385800,-165
385802,-214
385804,-209
385806,-222
385808,-205
385810,-210
385812,-192
385814,-183
385816,-163
385818,-203
385820,-166
385822,-199
385824,-189
385826,-208
385828,-207
385830,-227
385832,-209
385834,-217
385836,-183
385838,-193
385840,-203
385842,-199
385844,-194
385846,-173
385848,-210
385850,-198
385852,-231
385854,-205
385856,-251
385858,-204
385860,-214
385862,-213
385864,-275
385866,-236
385868,-241
385870,-221
385872,-267
385874,-285
385876,-243
385878,-255
385880,-229
385882,-233
385884,-217
385886,-207
385888,-226
385890,-238
385892,-220
385894,-225
385896,-226
385898,-217
385900,-205
385902,-208
385904,-179
385906,-203
385908,-193
385910,-187
385912,-183
385914,-206
385916,-195
385918,-183
385920,-162
385922,-198
385924,-167
385926,-163
385928,-173
385930,-166
385932,-158
385934,-199
385936,-182
385938,-185
385940,-203
385942,-199
385944,-208
385946,-192
385948,-235
385950,-211
385952,-224
385954,-193
385956,-271
385958,-227
385960,-279
385962,-230
385964,-236
385966,-225
385968,-283
385970,-233
385972,-259
385974,-283
385976,-243
385978,-238
385980,-213
385982,-255
385984,-221
385986,-235
385988,-206
385990,-204
385992,-194
385994,-192
385996,-182
385998,-175
386000,-147
386002,-145
386004,-137
386006,-166
386008,-159
386010,-174
386012,-164
386014,-178
386016,-187
386018,-197
386020,-222
386022,-227
386024,-238
386026,-295
386028,-283
386030,-307
386032,-347
386034,-347
386036,-299
386038,-291
386040,-301
386042,-321
386044,-315
386046,-277
386048,-283
386050,-240
386052,-289
386054,-261
386056,-303
386058,-267
386060,-281
386062,-247
386064,-242
386066,-261
386068,-254
386070,-214
386072,-214
386074,-212
386076,-178
386078,-164
386080,-155
386082,-189
386084,-172
386086,-176
386088,-174
386090,-197
386092,-169
386094,-153
386096,-145
386098,-133
386100,-131
386102,-143
386104,-127
386106,-195
386108,-191
386110,-206
386112,-204
386114,-206
386116,-194
386118,-197
386120,-224
386122,-318
386124,-267
386126,-251
386128,-265
386130,-337
386132,-293
386134,-240
386136,-289
386138,-291
386140,-301
386142,-251
386144,-297
386146,-295
386148,-291
386150,-295
386152,-353
386154,-272
386156,-249
386158,-235
386160,-237
386162,-194
386164,-210
386166,-245
386168,-231
386170,-217
386172,-236
386174,-203
386176,-188
386178,-175
386180,-189
386182,-187
386184,-190
386186,-171
386188,-162
386190,-207
386192,-176
386194,-164
386196,-165
386198,-192
386200,-169
386202,-195
386204,-217
386206,-212
386208,-223
386210,-224
386212,-225
386214,-228
386216,-228
386218,-220
386220,-251
386222,-259
386224,-270
386226,-307
386228,-291
386230,-299
386232,-294
386234,-299
386236,-294
386238,-289
386240,-284
386242,-287
386244,-313
386246,-303
386248,-311
386250,-289
386252,-321
386254,-263
386256,-291
386258,-249
386260,-267
386262,-254
386264,-267
386266,-272
386268,-239
386270,-258
386272,-241
386274,-235
386276,-178
386278,-210
386280,-167
386282,-188
386284,-198
386286,-198
386288,-191
386290,-223
386292,-163
386294,-165
386296,-144
386298,-133
386300,-145
386302,-160
386304,-185
386306,-213
386308,-214
386310,-231
386312,-259
386314,-224
386316,-233
386318,-206
386320,-223
386322,-219
386324,-254
386326,-251
386328,-275
386330,-287
386332,-291
386334,-299
386336,-292
386338,-300
386340,-307
386342,-307
386344,-317
386346,-322
386348,-318
386350,-333
386352,-300
386354,-290
386356,-267
386358,-257
386360,-242
386362,-270
386364,-213
386366,-231
386368,-188
386370,-217
386372,-153
386374,-178
386376,-177
386378,-171
386380,-158
386382,-141
386384,-118
386386,-91
386388,-45
386390,-45
386392,-43
386394,-86
386396,-77
386398,-95
386400,-109
386402,-126
386404,-114
386406,-121
386408,-109
386410,-89
386412,-82
386414,-105
386416,-119
386418,-127
386420,-187
386422,-188
386424,-211
386426,-205
386428,-201
386430,-203
386432,-209
386434,-217
386436,-217
386438,-242
386440,-251
386442,-257
386444,-233
386446,-252
386448,-205
386450,-230
386452,-207
386454,-238
386456,-194
386458,-229
386460,-209
386462,-225
386464,-225
386466,-211
386468,-192
386470,-153
386472,-127
386474,-148
386476,-153
386478,-128
386480,-134
386482,-124
386484,-132
386486,-105
386488,-100
386490,-112
386492,-92
386494,-91
386496,-93
386498,-110
386500,-125
386502,-105
386504,-109
386506,-117
386508,-118
386510,-78
386512,-93
386514,-102
386516,-112
386518,-102
386520,-139
386522,-121
386524,-159
386526,-105
386528,-129
386530,-98
386532,-103
386534,-115
386536,-89
386538,-117
386540,-117
386542,-144
386544,-125
386546,-165
386548,-118
386550,-147
386552,-111
386554,-128
386556,-108
386558,-145
386560,-123
386562,-139
386564,-145
386566,-182
386568,-161
386570,-163
386572,-171
386574,-183
386576,-169
386578,-167
386580,-148
386582,-155
386584,-173
386586,-160
386588,-166
386590,-171
386592,-153
386594,-139
386596,-146
386598,-124
386600,-132
386602,-145
386604,-145
386606,-129
386608,-148
386610,-163
386612,-119
386614,-117
386616,-105
386618,-124
386620,-84
386622,-111
386624,-117
386626,-118
386628,-113
386630,-116
386632,-111
386634,-81
386636,-69
386638,-57
386640,-85
386642,-103
386644,-113
386646,-113
386648,-137
386650,-139
386652,-115
386654,-124
386656,-95
386658,-114
386660,-118
386662,-132
386664,-148
386666,-171
386668,-173
386670,-155
386672,-150
386674,-145
386676,-137
386678,-135
386680,-149
386682,-133
386684,-199
386686,-169
386688,-187
386690,-172
386692,-174
386694,-142
386696,-163
386698,-139
386700,-155
386702,-146
386704,-169
386706,-176
386708,-173
386710,-187
386712,-153
386714,-179
386716,-110
386718,-145
386720,-124
386722,-165
386724,-137
386726,-176
386728,-130
386730,-171
386732,-137
386734,-126
386736,-128
386738,-125
386740,-115
386742,-115
386744,-131
386746,-144
386748,-146
386750,-172
386752,-163
386754,-121
386756,-127
386758,-115
386760,-114
386762,-146
386764,-153
386766,-148
386768,-183
386770,-182
386772,-173
386774,-150
386776,-153
386778,-153
386780,-167
386782,-171
386784,-171
386786,-185
386788,-176
386790,-143
386792,-174
386794,-137
386796,-163
386798,-128
386800,-156
386802,-150
386804,-143
386806,-155
386808,-137
386810,-167
386812,-143
386814,-156
386816,-137
386818,-155
386820,-129
386822,-157
386824,-134
386826,-172
386828,-150
386830,-140
386832,-160
386834,-150
386836,-164
386838,-169
386840,-169
386842,-180
386844,-187
386846,-156
386848,-173
386850,-134
386852,-171
386854,-144
386856,-178
386858,-157
386860,-193
386862,-147
386864,-185
386866,-173
386868,-156
386870,-169
386872,-169
386874,-169
386876,-171
386878,-161
386880,-192
386882,-166
386884,-164
386886,-157
386888,-116
386890,-146
386892,-115
386894,-129
386896,-149
386898,-139
386900,-166
386902,-190
386904,-156
386906,-158
386908,-124
386910,-149
386912,-143
386914,-143
386916,-142
386918,-143
386920,-180
386922,-159
386924,-172
386926,-188
386928,-169
386930,-165
386932,-169
386934,-177
386936,-180
386938,-153
386940,-204
386942,-190
386944,-196
386946,-167
386948,-188
386950,-175
386952,-174
386954,-178
386956,-169
386958,-160
386960,-187
386962,-196
386964,-179
386966,-169
386968,-165
386970,-178
386972,-193
386974,-171
386976,-142
386978,-155
386980,-172
386982,-165
386984,-158
386986,-174
386988,-191
386990,-203
386992,-155
386994,-179
386996,-169
386998,-180
387000,-166
387002,-190
387004,-178
387006,-187
387008,-226
387010,-215
387012,-192
387014,-193
387016,-203
387018,-187
387020,-194
387022,-178
387024,-221
387026,-187
387028,-224
387030,-209
387032,-191
387034,-199
387036,-195
387038,-185
387040,-187
387042,-191
387044,-169
387046,-198
387048,-195
387050,-193
387052,-156
387054,-187
387056,-145
387058,-155
387060,-129
387062,-150
387064,-142
387066,-171
387068,-164
387070,-174
387072,-182
387074,-140
387076,-145
387078,-125
387080,-155
387082,-134
387084,-178
387086,-153
387088,-187
387090,-153
387092,-183
387094,-159
387096,-196
387098,-157
387100,-187
387102,-179
387104,-204
387106,-176
387108,-220
387110,-203
387112,-206
387114,-210
387116,-224
387118,-224
387120,-217
387122,-226
387124,-222
387126,-229
387128,-217
387130,-225
387132,-212
387134,-212
387136,-231
387138,-222
387140,-197
387142,-208
387144,-198
387146,-209
387148,-195
387150,-180
387152,-185
387154,-161
387156,-204
387158,-173
387160,-162
387162,-180
387164,-161
387166,-155
387168,-149
387170,-159
387172,-132
387174,-145
387176,-137
387178,-135
387180,-135
387182,-155
387184,-144
387186,-130
387188,-167
387190,-156
387192,-153
387194,-163
387196,-160
387198,-156
387200,-160
387202,-157
387204,-179
387206,-155
387208,-176
387210,-199
387212,-167
387214,-201
387216,-185
387218,-199
387220,-173
387222,-178
387224,-171
387226,-206
387228,-169
387230,-197
387232,-180
387234,-191
387236,-177
387238,-206
387240,-205
387242,-203
387244,-191
387246,-187
387248,-194
387250,-178
387252,-177
387254,-172
387256,-194
387258,-173
387260,-171
387262,-173
387264,-183
387266,-146
387268,-187
387270,-175
387272,-180
387274,-181
387276,-185
387278,-161
387280,-149
387282,-181
387284,-174
387286,-180
387288,-190
387290,-193
387292,-155
387294,-155
387296,-155
387298,-151
387300,-155
387302,-142
387304,-137
387306,-145
387308,-130
387310,-147
387312,-144
387314,-123
387316,-125
387318,-123
387320,-112
387322,-135
387324,-102
387326,-137
387328,-121
387330,-163
387332,-127
387334,-141
387336,-127
387338,-145
387340,-163
387342,-155
387344,-164
387346,-164
387348,-171
387350,-171
387352,-179
387354,-175
387356,-219
387358,-173
387360,-219
387362,-169
387364,-204
387366,-197
387368,-228
387370,-199
387372,-230
387374,-223
387376,-225
387378,-220
387380,-238
387382,-227
387384,-196
387386,-210
387388,-187
387390,-213
387392,-176
387394,-180
387396,-160
387398,-176
387400,-162
387402,-179
387404,-156
387406,-145
387408,-135
387410,-162
387412,-110
387414,-125
387416,-130
387418,-130
387420,-139
387422,-102
387424,-130
387426,-128
387428,-131
387430,-118
387432,-137
387434,-123
387436,-148
387438,-148
387440,-181
387442,-143
387444,-146
387446,-137
387448,-158
387450,-162
387452,-173
387454,-155
387456,-169
387458,-178
387460,-180
387462,-153
387464,-164
387466,-162
387468,-182
387470,-163
387472,-156
387474,-171
387476,-163
387478,-162
387480,-151
387482,-185
387484,-171
387486,-187
387488,-155
387490,-144
387492,-145
387494,-171
387496,-150
387498,-177
387500,-171
387502,-169
387504,-165
387506,-187
387508,-155
387510,-185
387512,-169
387514,-163
387516,-166
387518,-187
387520,-176
387522,-183
387524,-199
387526,-155
387528,-188
387530,-176
387532,-197
387534,-176
387536,-187
387538,-203
387540,-167
387542,-175
387544,-177
387546,-169
387548,-162
387550,-162
387552,-171
387554,-137
387556,-144
387558,-155
387560,-126
387562,-137
387564,-110
387566,-140
387568,-128
387570,-113
387572,-127
387574,-148
387576,-133
387578,-135
387580,-112
387582,-109
387584,-131
387586,-131
387588,-139
387590,-137
387592,-139
387594,-137
387596,-139
387598,-167
387600,-157
387602,-167
387604,-174
387606,-179
387608,-193
387610,-201
387612,-217
387614,-225
387616,-255
387618,-237
387620,-267
387622,-263
387624,-277
387626,-267
387628,-315
387630,-301
387632,-331
387634,-331
387636,-355
387638,-295
387640,-327
387642,-273
387644,-301
387646,-263
387648,-247
387650,-259
387652,-259
387654,-221
387656,-211
387658,-222
387660,-174
387662,-182
387664,-153
387666,-187
387668,-145
387670,-145
387672,-129
387674,-133
387676,-91
387678,-131
387680,-118
387682,-117
387684,-117
387686,-137
387688,-140
387690,-123
387692,-161
387694,-150
387696,-165
387698,-156
387700,-181
387702,-179
387704,-178
387706,-178
387708,-204
387710,-230
387712,-241
387714,-233
387716,-251
387718,-241
387720,-267
387722,-243
387724,-233
387726,-299
387728,-285
387730,-299
387732,-267
387734,-337
387736,-291
387738,-327
387740,-261
387742,-291
387744,-239
387746,-241
387748,-217
387750,-228
387752,-219
387754,-235
387756,-226
387758,-201
387760,-245
387762,-196
387764,-197
387766,-190
387768,-206
387770,-198
387772,-205
387774,-187
387776,-199
387778,-166
387780,-180
387782,-171
387784,-163
387786,-134
387788,-169
387790,-155
387792,-144
387794,-146
387796,-149
387798,-132
387800,-137
387802,-100
387804,-139
387806,-96
387808,-135
387810,-148
387812,-124
387814,-157
387816,-153
387818,-179
387820,-147
387822,-157
387824,-161
387826,-178
387828,-177
387830,-197
387832,-185
387834,-203
387836,-208
387838,-271
387840,-287
387842,-283
387844,-315
387846,-291
387848,-277
387850,-347
387852,-383
387854,-339
387856,-337
387858,-365
387860,-431
387862,-373
387864,-373
387866,-299
387868,-391
387870,-325
387872,-321
387874,-305
387876,-347
387878,-321
387880,-261
387882,-239
387884,-233
387886,-228
387888,-212
387890,-194
387892,-139
387894,-160
387896,-149
387898,-128
387900,-134
387902,-128
387904,-98
387906,-95
387908,-128
387910,-107
387912,-81
387914,-91
387916,-86
387918,-89
387920,-71
387922,-81
387924,-89
387926,-92
387928,-137
387930,-139
387932,-151
387934,-181
387936,-193
387938,-180
387940,-193
387942,-199
387944,-212
387946,-227
387948,-255
387950,-269
387952,-279
387954,-347
387956,-319
387958,-359
387960,-279
387962,-269
387964,-291
387966,-327
387968,-269
387970,-357
387972,-303
387974,-321
387976,-335
387978,-307
387980,-293
387982,-277
387984,-222
387986,-219
387988,-189
387990,-190
387992,-189
387994,-178
387996,-156
387998,-153
388000,-151
388002,-143
388004,-139
388006,-149
388008,-130
388010,-98
388012,-107
388014,-108
388016,-103
388018,-125
388020,-116
388022,-109
388024,-92
388026,-93
388028,-110
388030,-111
388032,-146
388034,-137
388036,-135
388038,-162
388040,-167
388042,-143
388044,-155
388046,-150
388048,-174
388050,-172
388052,-169
388054,-196
388056,-183
388058,-221
388060,-178
388062,-203
388064,-201
388066,-214
388068,-171
388070,-206
388072,-187
388074,-162
388076,-189
388078,-215
388080,-172
388082,-197
388084,-203
388086,-188
388088,-174
388090,-147
388092,-137
388094,-142
388096,-167
388098,-161
388100,-193
388102,-169
388104,-214
388106,-173
388108,-164
388110,-166
388112,-165
388114,-146
388116,-162
388118,-177
388120,-193
388122,-185
388124,-180
388126,-191
388128,-139
388130,-169
388132,-139
388134,-139
388136,-135
388138,-151
388140,-162
388142,-163
388144,-171
388146,-157
388148,-148
388150,-142
388152,-137
388154,-147
388156,-117
388158,-139
388160,-139
388162,-135
388164,-144
388166,-126
388168,-137
388170,-151
388172,-155
388174,-164
388176,-157
388178,-141
388180,-131
388182,-128
388184,-144
388186,-123
388188,-150
388190,-156
388192,-157
388194,-165
388196,-155
388198,-169
388200,-167
388202,-158
388204,-169
388206,-140
388208,-166
388210,-157
388212,-143
388214,-142
388216,-173
388218,-147
388220,-160
388222,-169
388224,-139
388226,-144
388228,-139
388230,-164
388232,-130
388234,-140
388236,-139
388238,-172
388240,-131
388242,-162
388244,-135
388246,-141
388248,-155
388250,-141
388252,-133
388254,-155
388256,-174
388258,-174
388260,-163
388262,-141
388264,-180
388266,-134
388268,-163
388270,-156
388272,-196
388274,-151
388276,-203
388278,-185
388280,-201
388282,-201
388284,-207
388286,-175
388288,-187
388290,-187
388292,-188
388294,-185
388296,-208
388298,-209
388300,-203
388302,-217
388304,-188
388306,-192
388308,-176
388310,-174
388312,-167
388314,-171
388316,-191
388318,-197
388320,-182
388322,-196
388324,-190
388326,-178
388328,-166
388330,-130
388332,-171
388334,-126
388336,-140
388338,-128
388340,-157
388342,-135
388344,-160
388346,-140
388348,-143
388350,-148
388352,-139
388354,-121
388356,-123
388358,-121
388360,-157
388362,-150
388364,-164
388366,-197
388368,-153
388370,-173
388372,-158
388374,-185
388376,-169
388378,-181
388380,-203
388382,-252
388384,-257
388386,-265
388388,-299
388390,-283
388392,-283
388394,-262
388396,-242
388398,-244
388400,-246
388402,-258
388404,-243
388406,-254
388408,-262
388410,-245
388412,-229
388414,-209
388416,-209
388418,-157
388420,-185
388422,-166
388424,-159
388426,-153
388428,-158
388430,-158
388432,-147
388434,-139
388436,-146
388438,-107
388440,-105
388442,-89
388444,-110
388446,-110
388448,-124
388450,-129
388452,-140
388454,-114
388456,-141
388458,-148
388460,-127
388462,-148
388464,-175
388466,-171
388468,-198
388470,-247
388472,-140
388474,-240
388476,-221
388478,-156
388480,-142
388482,-146
388484,-204
388486,-156
388488,-183
388490,-247
388492,-217
388494,-213
388496,-196
388498,-212
388500,-226
388502,-174
388504,-214
388506,-228
388508,-199
388510,-188
388512,-208
388514,-225
388516,-219
388518,-209
388520,-210
388522,-195
388524,-176
388526,-183
388528,-197
388530,-201
388532,-197
388534,-219
388536,-180
388538,-205
388540,-160
388542,-175
388544,-137
388546,-137
388548,-111
388550,-125
388552,-145
388554,-139
388556,-143
388558,-125
388560,-144
388562,-118
388564,-114
388566,-84
388568,-91
388570,-36
388572,-94
388574,-107
388576,-137
388578,-131
388580,-144
388582,-143
388584,-121
388586,-135
388588,-128
388590,-137
388592,-121
388594,-180
388596,-183
388598,-217
388600,-204
388602,-267
388604,-235
388606,-240
388608,-211
388610,-220
388612,-224
388614,-228
388616,-263
388618,-283
388620,-304
388622,-276
388624,-244
388626,-231
388628,-228
388630,-235
388632,-208
388634,-196
388636,-219
388638,-211
388640,-205
388642,-180
388644,-157
388646,-153
388648,-111
388650,-109
388652,-91
388654,-121
388656,-111
388658,-107
388660,-85
388662,-105
388664,-66
388666,-27
388668,-39
388670,-47
388672,-6
388674,-36
388676,-37
388678,-103
388680,-85
388682,-125
388684,-118
388686,-111
388688,-123
388690,-144
388692,-125
388694,-165
388696,-190
388698,-190
388700,-223
388702,-229
388704,-297
388706,-255
388708,-263
388710,-251
388712,-295
388714,-276
388716,-286
388718,-279
388720,-308
388722,-322
388724,-345
388726,-324
388728,-291
388730,-313
388732,-288
388734,-251
388736,-225
388738,-228
388740,-207
388742,-178
388744,-190
388746,-203
388748,-146
388750,-143
388752,-129
388754,-100
388756,-85
388758,-92
388760,-65
388762,-49
388764,-76
388766,-51
388768,-84
388770,-36
388772,-76
388774,-11
388776,-14
388778,-30
388780,-68
388782,-91
388784,-109
388786,-119
388788,-165
388790,-143
388792,-157
388794,-150
388796,-174
388798,-172
388800,-175
388802,-188
388804,-235
388806,-228
388808,-265
388810,-272
388812,-287
388814,-299
388816,-267
388818,-265
388820,-258
388822,-295
388824,-281
388826,-283
388828,-289
388830,-288
388832,-277
388834,-274
388836,-244
388838,-252
388840,-213
388842,-222
388844,-204
388846,-199
388848,-198
388850,-176
388852,-164
388854,-175
388856,-150
388858,-150
388860,-139
388862,-141
388864,-116
388866,-115
388868,-105
388870,-123
388872,-140
388874,-121
388876,-151
388878,-128
388880,-134
388882,-127
388884,-109
388886,-119
388888,-99
388890,-143
388892,-132
388894,-148
388896,-153
388898,-171
388900,-153
388902,-180
388904,-146
388906,-185
388908,-165
388910,-181
388912,-197
388914,-220
388916,-209
388918,-223
388920,-217
388922,-214
388924,-211
388926,-230
388928,-220
388930,-251
388932,-260
388934,-251
388936,-270
388938,-278
388940,-278
388942,-240
388944,-237
388946,-206
388948,-214
388950,-205
388952,-229
388954,-251
388956,-242
388958,-227
388960,-271
388962,-210
388964,-212
388966,-215
388968,-203
388970,-203
388972,-162
388974,-190
388976,-173
388978,-180
388980,-153
388982,-172
388984,-156
388986,-185
388988,-156
388990,-133
388992,-105
388994,-119
388996,-93
388998,-107
389000,-107
389002,-109
389004,-132
389006,-134
