Frame,Robot_X,Robot_Y,Robot_Z
1,-0.08213458519624849,0.2294977192405779,-0.014170539620829543
2,-0.08229030563526527,0.22972234641313685,-0.013253810864840204
3,-0.0826546024685883,0.22491151214936458,-0.012870250835726814
4,-0.08138786725890315,0.22407496758053413,-0.01287108980795297
5,-0.08188499675449229,0.22467200819884503,-0.01289115341311553
6,-0.08026656746028961,0.21974765945566008,-0.017727982600715023
7,-0.07986401718550329,0.2201690688671369,-0.01779118334279739
8,-0.07980533068771986,0.22893920913886517,-0.01866990410414738
9,-0.07869189196877051,0.22401212264291023,-0.018161346222966668
10,-0.07821107957358651,0.22701388335148512,-0.018378627157067617
11,-0.07837358071914166,0.2265388203385222,-0.018418801492467697
12,-0.07962889540101568,0.22707627048268236,-0.010072758055687372
13,-0.07923679682436834,0.22891222906833467,-0.010203927515671167
14,-0.07839581867650243,0.23000358974396962,-0.013632025660405271
15,-0.07761908746273348,0.22500404051423772,-0.014187419100252237
16,-0.07818415003035738,0.22998958344277218,-0.017517268217836224
17,-0.078218585148675,0.23282786266631225,-0.017778532728798785
18,-0.07751462676184526,0.22476971164282733,-0.01706615158057244
19,-0.0772913136161345,0.22822977565317784,-0.018629020903394578
20,-0.07931694932363945,0.24000747591298582,-0.009749074457019433
21,-0.0790969723175537,0.23423590387676047,-0.010141220753948695
22,-0.07755095759262637,0.23809306381959391,-0.015215375276895989
23,-0.07746240313176482,0.2390734557948277,-0.015301171736905018
24,-0.07783239856677718,0.23975027721602968,-0.015335938680998994
25,-0.07882288180937094,0.2393684704477174,-0.011409961904892282
26,-0.07822101752820991,0.23560161408414035,-0.011196896192680723
27,-0.07794839391911389,0.2357446246280694,-0.013753902319457827
28,-0.0775488808161087,0.2423703565227376,-0.011479307919796719
29,-0.07659443030990373,0.23126677826892283,-0.014751776252037996
30,-0.0773049815048053,0.24342674320767585,-0.011514640336632728
31,-0.07902207311629951,0.24773214654477493,-0.0074877791898680796
32,-0.07954728445773065,0.24816031705602912,-0.004870115639474322
33,-0.0779958127404248,0.2429524085471265,-0.007891661708859923
34,-0.0799999328538464,0.2439901723952853,-0.0046636640446402824
35,-0.07916849018737011,0.24464491751896542,-0.007620151941423618
36,-0.07944387027911874,0.2472095787416408,-0.006625601066178093
37,-0.07948751829888946,0.24545822197802203,-0.007599516220381734
38,-0.08061786031235917,0.2448215421074087,-0.008651178351904563
39,-0.07966349125756902,0.24566954010728698,-0.014257527475178715
40,-0.08113801662329985,0.251875398123707,-0.009009794410584436
41,-0.08050820537244249,0.25162792280706764,-0.015317578988368219
42,-0.08119263088302817,0.2500895157058497,-0.009757244709822623
43,-0.08226302771840192,0.25535504200181824,-0.009134015821370571
44,-0.08239061920617459,0.25979492722508324,-0.008292943077097575
45,-0.07716017590972751,0.2536213310866719,-0.010952531007574727
46,-0.07841937261982905,0.25848301994327744,-0.005002195418678211
47,-0.07693635112622257,0.25694567101916194,-0.012213392961208804
48,-0.07823691647637866,0.2594250558333692,-0.01261702096373589
49,-0.07886740822783625,0.2627207401264005,-0.010881707459523979
50,-0.07825481564470513,0.25772258256297087,-0.009445109819102744
51,-0.07841934571396908,0.2614762105747843,-0.01197936950774215
52,-0.0778039244186942,0.2629146517237587,-0.010069787600993155
53,-0.07754940928450599,0.266046356600343,-0.010245870415114738
54,-0.07718916993260502,0.2660936044377689,-0.01393574920194713
55,-0.07691131272614625,0.2637931372798888,-0.013960373804101547
56,-0.07645339308763152,0.26658942739860464,-0.014079397103850533
57,-0.0784657096291275,0.26245647940029326,-0.016117083068693056
58,-0.0749938269781426,0.26568680072462575,-0.01298463047013381
59,-0.0758711920462954,0.263657303912977,-0.023321781620591744
60,-0.0733457421932487,0.2677245067495074,-0.015257590752650575
61,-0.07475111136058787,0.26754559746796697,-0.015980845395041035
62,-0.0742176884486811,0.260890624446528,-0.021408117813887434
63,-0.0735129170414859,0.2598132749973203,-0.022395633224452705
64,-0.0724815480564587,0.27019025662692286,-0.016798171979563195
65,-0.07107848481543085,0.268294665409217,-0.017668521805270898
66,-0.07100639594285306,0.274358351437083,-0.018115512499410583
67,-0.07048298616196404,0.26880496360416056,-0.01685165159708879
68,-0.07098413448387193,0.2654962488335704,-0.023111292261116738
69,-0.07008460013487339,0.2655769149975754,-0.024020190634235786
70,-0.07092815057592056,0.2683801609628912,-0.018268360497640683
71,-0.07077069111904577,0.26511466068597805,-0.01824133992687943
72,-0.07015454587544766,0.2717927008869185,-0.018801858621617762
73,-0.06913364054396777,0.26732679607194076,-0.01848736763845528
74,-0.06770582136423994,0.26521958232264714,-0.024514935182107317
75,-0.06620815627594481,0.27215558502479537,-0.01856530864526034
76,-0.06725547765853886,0.26907327945259996,-0.024934587515072867
77,-0.06893239352806425,0.27217265701527005,-0.017932388522600762
78,-0.06837600516318407,0.2691957917186048,-0.023602786780333798
79,-0.06787125714754794,0.2791432974197415,-0.02582396829762442
80,-0.06577448058548567,0.28078941766638554,-0.01918180298996601
81,-0.06573509736126368,0.2815878487263557,-0.019023004178044325
82,-0.06592640373637067,0.2805167145221422,-0.014068144365374763
83,-0.06599852277804553,0.2892712778904672,-0.019706063502649772
84,-0.06595419416916112,0.2838281677390491,-0.01805128303245497
85,-0.06636385672028555,0.2809571008487118,-0.017836654746491945
86,-0.06590536510982486,0.29096250410667807,-0.018501465687600478
87,-0.06573941838222556,0.2953566444610655,-0.01864371038598723
88,-0.06599713916324813,0.28996339963435225,-0.01843190734487831
89,-0.06580130243538644,0.29629921967869016,-0.018865693304180677
90,-0.0668946458151608,0.29751656248662517,-0.01394646805593839
91,-0.06708688037148984,0.29460731489132913,-0.013359435466225755
92,-0.0665903375958661,0.30464570116684747,-0.013891392219060723
93,-0.0676971008152883,0.2964536100917764,-0.015317784165221726
94,-0.06699949505193893,0.30022172344780285,-0.013651705696650106
95,-0.06733519368101405,0.30368135444679967,-0.013677692614663672
96,-0.06738889122184985,0.301789092524559,-0.013721884591714202
97,-0.06772052858374972,0.3074906320657575,-0.014953145519827953
98,-0.06737637374416296,0.3050705289991986,-0.014686953361091382
99,-0.06690334107514659,0.3096251189504758,-0.01413983503255141
100,-0.06694508251202058,0.3086859311817146,-0.01488756647758089
101,-0.06738181402904012,0.3169733129553365,-0.015473746280127716
102,-0.06592874110735117,0.3152372196064825,-0.014296107487663405
103,-0.06536971134031455,0.3121949443087087,-0.014156233358022928
104,-0.06524804484463786,0.3112220996157779,-0.01205376113295148
105,-0.06488614555747527,0.31561150537039584,-0.01409471366806199
106,-0.06533073189636865,0.32181881746938534,-0.012910806145779774
107,-0.06485104892514026,0.31928282486749326,-0.012806683399202122
108,-0.06428607885177688,0.3195961706128758,-0.013734811669779155
109,-0.06285845831191685,0.3204238081891857,-0.008284820553486866
110,-0.06159634709718125,0.31772504537983015,-0.017510303896912792
111,-0.06267462366202946,0.3231489666859268,-0.007234135193890344
112,-0.06099054532824345,0.3213402857578375,-0.014046839986276226
113,-0.05954187202688123,0.322021333558162,-0.01260046855450575
114,-0.05882140410996235,0.3160901383419211,-0.011996716534714374
115,-0.06024694099504261,0.32703495439681696,-0.011853831009515384
116,-0.05723952999367765,0.32558921697205745,-0.014209465866362861
117,-0.05676468691265422,0.3214460688363698,-0.008367607525861583
118,-0.0562121512347061,0.32846838551453134,-0.006719873978478598
119,-0.055197650750506436,0.32548113672268636,-0.007746181681892214
120,-0.054320741921905225,0.33313265529933184,-0.008920586779587278
121,-0.05284204584377932,0.3370590566754319,-0.005826167552647192
122,-0.05081624109086848,0.33503678489109856,-0.013462111436687033
123,-0.05146334811893998,0.33846458504633253,-0.008527753885579359
124,-0.05072992061091152,0.3420020925653112,-0.008069453485842967
125,-0.05012814043704647,0.3421178185086285,-0.008677098460819176
126,-0.04842586409794989,0.33884317329818936,-0.01405462875723184
127,-0.04775228748416813,0.3420097409292621,-0.015114073777365615
128,-0.046912890012854584,0.3431659370333106,-0.014378203221861507
129,-0.04736250594730342,0.3442564521495255,-0.008960507700741784
130,-0.04619440317629871,0.35442808000262355,-0.015002967315220703
131,-0.045636641127743745,0.34847389217887126,-0.015198701330743143
132,-0.045608005803181036,0.3496748211600301,-0.014531064104882509
133,-0.04475272764111566,0.35602436553182765,-0.014903881092195662
134,-0.04506314970823917,0.35621501472992645,-0.01489332202246424
135,-0.04497911304813501,0.3573027861791006,-0.014953146966417814
136,-0.04462456872365585,0.35576119256051253,-0.01489901775328352
137,-0.044110093970437816,0.35632049792857207,-0.014960279390565746
138,-0.04579898972822756,0.35430531767119405,-0.01742148776628305
139,-0.0448285521897949,0.36513201090048875,-0.007365102165228128
140,-0.04558907490746479,0.35965395640834275,-0.02416540045072564
141,-0.045620918191937185,0.3602425695965543,-0.02331628422860929
142,-0.04515451709727726,0.3603618227167025,-0.02335697650484886
143,-0.044709321992393976,0.3614627996565242,-0.023468271396888535
144,-0.044676118165795205,0.3656099100003769,-0.02377492745824246
145,-0.04430558673216989,0.3624004641521167,-0.023564740566603404
146,-0.043669462994719986,0.3656387999527856,-0.024743509016311706
147,-0.04339057209129985,0.36380127827199266,-0.02373021602057697
148,-0.042858473257779826,0.3708315106439984,-0.025188950141382796
149,-0.04068443134180202,0.367733846106124,-0.011509483713687374
150,-0.04163622867554474,0.3715378316104265,-0.024418188757451206
151,-0.042591196930919346,0.37748291313260307,-0.01758268308245
152,-0.04174705006346732,0.3710995892774429,-0.017293142455230434
153,-0.039483284556528706,0.3770281681400198,-0.02382233704069206
154,-0.040386282817305254,0.38270682418264146,-0.018001590721796204
155,-0.03842451772558713,0.3803177493417217,-0.025282542280583742
156,-0.0380527610888092,0.38117788184941415,-0.025371130971632898
157,-0.0375674967125412,0.3787283499092713,-0.026132979039095797
158,-0.03632993923348951,0.37472067192503095,-0.025911637997997207
159,-0.03601755019916172,0.379347682605232,-0.02662434194200832
160,-0.03571377176601284,0.38302191718624373,-0.02657903348552964
161,-0.03478102655006244,0.3882950165403769,-0.0270385458972882
162,-0.035757281067626566,0.38698859918169315,-0.020074345884012683
163,-0.030043139236952898,0.39232127401065,-0.018876299612055378
164,-0.03033920779703506,0.39280720455227297,-0.01889089866630595
165,-0.029550916364086556,0.3831862297397599,-0.02070228050226708
166,-0.030196408793219994,0.39765704335306745,-0.014385343280474513
167,-0.03012628332032864,0.3979791871179482,-0.014401356672223475
168,-0.029588471477379436,0.3982865618915374,-0.014438340814020546
169,-0.02882324628818109,0.3916033460827463,-0.014208453150640163
170,-0.02827618971473161,0.40081986302029265,-0.014599336313937561
171,-0.02770789050601108,0.40494958827859556,-0.014789378598900886
172,-0.026444003552009734,0.3980446685376855,-0.013648638420441013
173,-0.02543547579699481,0.4075761339047714,-0.013636066534959447
174,-0.026372046185359717,0.40385200305727925,-0.01205376497105426
175,-0.023125066442344317,0.4079590931941392,-0.015331150265796192
176,-0.024976287545235315,0.41020542403258176,-0.01632343549759386
177,-0.022513176925748817,0.4110247519434743,-0.019881047667181323
178,-0.02276793694195321,0.41617515744922073,-0.01230648017526035
179,-0.02258084710685987,0.4193607008164492,-0.012420676929417618
180,-0.01967372167152976,0.4126164643232401,-0.01976629002998919
181,-0.01823588766607091,0.4189551649473104,-0.021868464672181967
182,-0.01648693295985333,0.4206632128051635,-0.02203084917487365
183,-0.01445270482884962,0.41979070099320565,-0.027324770214429424
184,-0.015289307963640248,0.4160098830137991,-0.020220513384854984
185,-0.014629898174788165,0.4251004225494914,-0.022800131739743983
186,-0.01087399019260902,0.4222121126534886,-0.027582916352908333
187,-0.01028202090118403,0.42179888613010186,-0.027571879298201055
188,-0.008977841292858961,0.4243610720419748,-0.02777688014558055
189,-0.007443456187118504,0.4333069174059903,-0.02840975558216019
190,-0.007058907074286231,0.4280469703983776,-0.028072963607461407
191,-0.005537812474216591,0.4367159574356008,-0.028687191416754416
192,-0.0055333889626427,0.42784662759029113,-0.026469403037618022
193,-0.003746690656727145,0.4365030597103704,-0.028722303049557113
194,-0.005461084237575912,0.44390797391055287,-0.021105166385993912
195,-0.0025561098607776046,0.43710517637242874,-0.027141958627008897
196,-0.0028400183774111316,0.43766171094366907,-0.029321017941712352
197,-0.002204379324850827,0.4365228243608948,-0.03181247558370368
198,-0.0008293606014631335,0.4392935577641236,-0.031167098985558327
199,-0.00014333860869337675,0.4457492299221578,-0.03165343459192709
200,-0.0013472212922094253,0.4489923483959174,-0.020955071228871115
201,0.001397598207872059,0.4472687998783495,-0.02790233777419894
202,0.0020632453373092448,0.4429301576335779,-0.02986589411344908
203,0.002707863746746723,0.45210334333114083,-0.0299296853280207
204,0.0033117995133250195,0.4517406382305397,-0.030491170137145848
205,0.0009273299470201589,0.45555906210001257,-0.02188404004975881
206,0.001955537892301828,0.46275463091844377,-0.02225198758671368
207,0.00482804436676282,0.45536600083030254,-0.030774365470055742
208,0.004833622297900301,0.455665252281764,-0.030223258789250473
209,0.005037009042911768,0.4651513689692762,-0.01874072795159442
210,0.005674716915464669,0.46565290963013983,-0.03090589938554266
211,0.006209913378300875,0.4672917917957273,-0.031028817968982145
212,0.004168514166995584,0.47187885808768504,-0.025623293226737426
213,0.0054857508070752245,0.47168273356212853,-0.025665616748727853
214,0.006016700532424667,0.4713693458300505,-0.025670035109148587
215,0.006095587646104371,0.4741024166893785,-0.02582064106898215
216,0.009755746336451517,0.47309950788130833,-0.0315096813077791
217,0.010771806504604714,0.4734957806664961,-0.03214822871646546
218,0.011391894594737849,0.4802351633898881,-0.03202581168706769
219,0.011482363194224049,0.48101988337222396,-0.03208011547617458
220,0.01231188427294765,0.4697596230089146,-0.03135929903757999
221,0.011578849971482523,0.4755737610793678,-0.026120235821504932
222,0.01179677837186583,0.4763375309635072,-0.04045764939980061
223,0.01776375859211564,0.4843408107143084,-0.044994710886721544
224,0.017121550004445027,0.48549202049162204,-0.034515224793056166
225,0.013889512109050478,0.4859903392983075,-0.03797119527748946
226,0.019042733047079777,0.48949531474750596,-0.03538715346465979
227,0.0206339549059535,0.5001669320848312,-0.035561140008422996
228,0.018404662752443682,0.48735354321728497,-0.03617686563482904
229,0.018993180252146805,0.4948878630377679,-0.03499255063976471
230,0.016059563235613424,0.49647093140263443,-0.04061541259239733
231,0.01676694288101612,0.5008625768576492,-0.04158353742539218
232,0.017879209339469893,0.49514688061572737,-0.04057692753221127
233,0.025883242953434277,0.49897057015424867,-0.047590859332656804
234,0.023237610759059207,0.5045427193793874,-0.033699037116943394
235,0.02328384781251729,0.5046864199098553,-0.03371083996894508
236,0.027333154874365096,0.5098274519928112,-0.02292592262197616
237,0.028281744565687765,0.5103383439286818,-0.02299695975953516
238,0.029442603289001536,0.5122042309429456,-0.02244660358816728
239,0.030243137226817374,0.5118025000491132,-0.025227994236591417
240,0.03220460062547277,0.5156316493530397,-0.024861583761416096
241,0.028148470344698473,0.5044353936512311,-0.043156189373426176
242,0.029961899759512668,0.5191574582738051,-0.04447199614704109
243,0.02957765057769851,0.5141616104156186,-0.04532689117734723
244,0.03161487712232955,0.5289785568950254,-0.03896356903148615
245,0.03125162036205034,0.5321495601440548,-0.03620246586244205
246,0.030830665979501404,0.5318763144007568,-0.02919905255355739
247,0.030802721800143894,0.5263800159009133,-0.028918021073134854
248,0.03306462608004185,0.5207622119725269,-0.03497443510396673
249,0.03337118306787557,0.5220711582486679,-0.034357844421373206
250,0.03718449371913616,0.533256409690886,-0.03512009279967961
251,0.037917049688727424,0.5269484844497232,-0.034769823165315794
252,0.03907994977522382,0.5353844408111634,-0.03535735437846201
253,0.0388783728149461,0.5354303067551848,-0.0361064732568256
254,0.041562526033699074,0.535610536369437,-0.04247423595181164
255,0.04106165004752927,0.5287877273037466,-0.03505861788061396
256,0.04342748273712377,0.5378302801288716,-0.042108535562111665
257,0.043442435531287384,0.537953824950931,-0.0421183994821503
258,0.044612374895257594,0.5415192627579172,-0.036827220946996454
259,0.043913709544586316,0.5552865880556548,-0.031319568327032546
260,0.049190776782280364,0.5424207521393027,-0.048812436329550804
261,0.04853832691987046,0.5554134784533336,-0.03793513190475354
262,0.04855256184484893,0.5452261544580707,-0.036493912406457864
263,0.051048140415239744,0.5336101032282276,-0.047395719819307944
264,0.050172115015770305,0.5462963209416658,-0.03745487131325836
265,0.052526811787164195,0.5592884430877413,-0.037586452514359846
266,0.052747521343944274,0.557162144999846,-0.03746692476884656
267,0.053765628438254984,0.5600732598632856,-0.038535889547847146
268,0.05397280396879829,0.5491706384312823,-0.036204542038235976
269,0.05619950366697887,0.5591885852125497,-0.04420510747105851
270,0.05665632198914007,0.5617456218224776,-0.045248227503695296
271,0.05978004838774381,0.5710164305428336,-0.03737128464973935
272,0.060128409412397374,0.5581192462713801,-0.03570547813589707
273,0.06001546831028164,0.5640423981858598,-0.038559279331001096
274,0.06244031209711775,0.5753232933152405,-0.036809631178162786
275,0.05983976788352739,0.5696319121352608,-0.04668314296056834
276,0.060755496305408926,0.5759011778630215,-0.031191694852125793
277,0.05854277172550269,0.5730757288707333,-0.04121731905308864
278,0.061405376303024145,0.5751003755061669,-0.03030284150823028
279,0.06302004016086658,0.5796154773019483,-0.030564233939365505
280,0.06606379834628127,0.5711462843491271,-0.036573777199255544
281,0.06675346763265387,0.5860771578815428,-0.03724132952748202
282,0.06866332010272767,0.5974212388593907,-0.03819509353027958
283,0.07072499756336938,0.5913761248242464,-0.034074678129375056
284,0.06986306505261307,0.5907125474280207,-0.037643873729406106
285,0.0704779702639543,0.594121344626458,-0.03648523476277886
286,0.07125275615205381,0.5941314472030889,-0.0391964021085218
287,0.07297810893198359,0.6052319264920228,-0.03926918507545059
288,0.07344174139200159,0.6058362573557969,-0.03914270193290077
289,0.07251092569226325,0.5852542848961173,-0.037433810300526935
290,0.07481593175559308,0.5940969810412433,-0.03715009180703776
291,0.07551457038682458,0.597129005092325,-0.037352015038572495
292,0.0770584281187869,0.5988011969041618,-0.03860267183345024
293,0.06420951133817654,0.4718042608970164,-0.030786861699118595
294,0.07901805732979128,0.6063467109960422,-0.03957893825811818
295,0.06689351557993105,0.4733446055156301,-0.02988257218306481
296,0.08118997600455692,0.6090769679567745,-0.03826139805451073
297,0.07265581411510993,0.48301240887039554,-0.026190789419507615
298,0.08375242983244206,0.6218211178114378,-0.03909556674037236
299,0.08319448669316706,0.6065616012447689,-0.03819441003105342
300,0.08575587584890229,0.623147991126754,-0.03989481169337177
301,0.08522129291969333,0.6144979680229888,-0.03302361659886663
302,0.08503363070256352,0.6094900468305078,-0.03278437402968951
303,0.08787092831069286,0.6221757048771739,-0.033529676005467114
304,0.08908569789179409,0.624752204234899,-0.03371869907818372
305,0.0909030863086332,0.6290596366315299,-0.03402212273609162
306,0.0901669157518096,0.6159640689211027,-0.03338203795100468
307,0.09311444351610863,0.6274139438022767,-0.033074896399410955
308,0.09493643876120314,0.6317296017932327,-0.033368589841040935
309,0.0972977223630839,0.6450937299704521,-0.035129750392102886
310,0.09694413716260983,0.6299835772034849,-0.033403533792062214
311,0.09818914551251641,0.6325577510628182,-0.03358757848980527
312,0.09979650847668353,0.6322177757240034,-0.03278229198481961
313,0.10010839385980586,0.633846173952514,-0.03375230388296143
314,0.10193429820188406,0.6353138726492524,-0.03272548290432295
315,0.1048797893468943,0.6472239416413974,-0.03340011041003991
316,0.1046326815765579,0.6394498724527797,-0.03305876470256058
317,0.10670160939699709,0.6483656388249576,-0.03355574607831119
318,0.10775566331390894,0.6528750946197018,-0.03380756192415159
319,0.10764346091636848,0.6393978680218579,-0.0332344838689535
320,0.11120207637997533,0.6551739966937361,-0.043162145494451486
321,0.11200434023238777,0.6619826333372386,-0.043595909140041134
322,0.11383663355695947,0.6672992185475066,-0.04482874474603061
323,0.11319651523305818,0.653774334254304,-0.04463003249619372
324,0.11420703831535824,0.6581542961181797,-0.043463028444191414
325,0.11523454380713131,0.659217931189549,-0.043568530571727944
326,0.11892458066805155,0.6824756279607946,-0.04508995156304863
327,0.11817588303582591,0.6726331143970075,-0.044480101278971264
328,0.11848897258088359,0.6699355601220758,-0.04321987666348955
329,0.11929367716339259,0.6694454439732945,-0.04322293466124668
330,0.12450618722788434,0.6874167095859475,-0.03661107405479979
331,0.11900032634207075,0.6896304133767925,-0.029352872467489497
332,0.12097271282373974,0.6832488503655512,-0.0527909255414325
333,0.12009080777200927,0.6714740649061134,-0.04215703966861394
334,0.12079258095459587,0.674058992593278,-0.04233770465449204
335,0.12226138825995878,0.6781415406884674,-0.04265070056124693
336,0.12844918807945957,0.6946292796242333,-0.0513457947444237
337,0.12290446362073114,0.6860535314148437,-0.06520654566425806
338,0.12742064890552782,0.7024330627150022,-0.04423831633420198
339,0.12323642523647783,0.6879268927094596,-0.029603020304112757
340,0.13390908995397233,0.7041766696321503,-0.0370616732459181
341,0.13398004606217925,0.70190730448314,-0.035818365433957174
342,0.13361898622499255,0.689454071865401,-0.035244091292220205
343,0.11679007891845956,0.5583564914667472,-0.02992677235838237
344,0.13712199066734998,0.7078325448455189,-0.0376450297105291
345,0.12138630893666853,0.5587494955554656,-0.04131893277888099
346,0.13433971561038913,0.681707575426786,-0.03257647545859775
347,0.1421314467352048,0.726546923443875,-0.034681318352203686
348,0.13710837812882096,0.6875484386049933,-0.03128420983182992
349,0.1417962056064004,0.709278370587187,-0.0322872529389456
350,0.14027795675754334,0.6998503465733469,-0.03187287054689299
351,0.13919358645933888,0.6902058056085126,-0.03146788861651317
352,0.14459092096808251,0.713925924665396,-0.023441608830037174
353,0.1462793884516669,0.7133078952605006,-0.027335140481477747
354,0.15006783355832776,0.7371320071581349,-0.02742330136569466
355,0.1501507122519019,0.7316749518433805,-0.027274844253621602
356,0.1514626859699004,0.7130114827038619,-0.03889833339310098
357,0.15268896071779553,0.7151721378525296,-0.03905749347178896
358,0.15365248644941162,0.7169100157478836,-0.04055163900022248
359,0.1567734060023636,0.7324056102067088,-0.043145265717478384
360,0.15928710857756692,0.745046155288633,-0.04387819929906555
361,0.15698116399619125,0.7479950200317216,-0.043257696471260605
362,0.134083190017964,0.5961228425723146,-0.0443076931716726
363,0.13507113318485578,0.5861805063655083,-0.03482077890485563
364,0.1398433989086932,0.5958851422506298,-0.046750394217088875
365,0.15990943011659275,0.7373514708830279,-0.04249488840586347
366,0.13872579311424685,0.5987042358345392,-0.03391370388739376
367,0.13982284261860098,0.6007972219744511,-0.03405519204703639
368,0.16340950191000692,0.7422230464278283,-0.04384392709565967
369,0.16426562977991682,0.7427006859535548,-0.043236320149903244
370,0.16527765145097154,0.7399603568332392,-0.04378674985665591
371,0.17129947793302447,0.7506806805614203,-0.05053253992035977
372,0.1477956546212568,0.6085763868795194,-0.039990525501930385
373,0.16846272872750281,0.7485458641856946,-0.04192722085985168
374,0.1708338756500443,0.7550423578205483,-0.04232579086831048
375,0.17331380269888372,0.7676237743292245,-0.043311634639981084
376,0.17542153763701834,0.7502869357637287,-0.04924230754495712
377,0.18095888442720728,0.7807381649345316,-0.051160227092877465
378,0.17539220740461392,0.7668351361033524,-0.04335167160971948
379,0.17763279323843367,0.7692257151670266,-0.04325786401191278
380,0.17776552871044357,0.770182238841029,-0.04360112614763527
381,0.1797622149552481,0.7767238970152853,-0.04398969622510478
382,0.1808165292003167,0.7753239145385565,-0.04396204463512019
383,0.18438260393414896,0.7962487177863077,-0.045099290430091254
384,0.1828818208513692,0.7767388240201021,-0.04410728257439937
385,0.15817743746142432,0.6285690497749731,-0.03607487756332736
386,0.184961043621881,0.7862757252715321,-0.040390064586575014
387,0.18480005275209352,0.777940315981256,-0.04423677470623727
388,0.18715776121582228,0.7858574166790204,-0.044704842341194644
389,0.1871120985752518,0.7859194755242311,-0.044706108299164445
390,0.1668097650050038,0.6385943267321247,-0.04983091911213358
391,0.1622908239575064,0.6379113345673582,-0.06423851663700947
392,0.18742341204127863,0.7991779441971213,-0.06183854129802274
393,0.18816265141315763,0.7984123506192268,-0.06182090861744228
394,0.1894884070811437,0.8007795723778127,-0.06203897506425456
395,0.18953652132417884,0.8006464025469643,-0.06337730261236421
396,0.1932852288344148,0.8148958669403632,-0.06315328175991652
397,0.19301636083763457,0.7949023588631445,-0.07919192633579872
398,0.18926106151914876,0.7867346327031308,-0.059363864423541704
399,0.20318107954181966,0.8301495976150282,-0.09224024638436194
400,0.20433925801069996,0.8220350043871524,-0.06263034651478386
401,0.20049142519297986,0.8321824124884054,-0.06888700204533595
402,0.20024564481613896,0.82499143753833,-0.06977418283497269
403,0.20168299865172795,0.8337537413783318,-0.07050754207856998
404,0.20300224835463482,0.8362682339424734,-0.07072814287928621
405,0.20403329990077698,0.8367280682896118,-0.06998296139093971
406,0.2064175538357818,0.8501136980975808,-0.07598476213057309
407,0.20652526110918018,0.8486459498014044,-0.07586229117424842
408,0.17809344998376742,0.6817495047262432,-0.06117196220923313
409,0.18106307342941289,0.6813706188933425,-0.041793531269320505
410,0.17686724193925682,0.6708558986298173,-0.06022492849703426
411,0.20765155098253749,0.8362651086558915,-0.07622208447476433
412,0.18104772247702192,0.675475399771924,-0.041574365090284254
413,0.21144647866434166,0.8424751801870528,-0.0497635733785257
414,0.21425601473160594,0.8495616334321693,-0.05179678916764881
415,0.18507634417775654,0.6841276442041357,-0.042169458726747655
416,0.21402057250290232,0.863317570920443,-0.06806640636069461
417,0.21444870026174306,0.8581834077838295,-0.06772110551022162
418,0.21338274303548208,0.8472121436394975,-0.0635586597094639
419,0.2170192431541386,0.8600513224103714,-0.06453347367473475
420,0.22460016440844485,0.8759562289177115,-0.09071457761527399
421,0.21878857488873238,0.8566141300475045,-0.06435154670026413
422,0.2272081742009587,0.8674594499799697,-0.03700142795417829
423,0.1985955593288578,0.7030500887395049,-0.03102625205547835
424,0.19799405228239933,0.7000901717701764,-0.031770714934368866
425,0.19920264474032,0.7057833433265706,-0.03380634303712235
426,0.23178547644513145,0.8725309681266449,-0.03977191610525045
427,0.23396193942078583,0.8740298521312349,-0.039901591594406344
428,0.19929885391565777,0.7109733531324669,-0.05307353095208292
429,0.20470070095080978,0.7234416385008728,-0.04921075123947094
430,0.2334071748324769,0.8815813735543553,-0.06515082019520436
431,0.2033746385959714,0.7186550442215907,-0.06184901822851879
432,0.24220362114322325,0.9107671714145498,-0.06136437042227873
433,0.23963231929464032,0.8913322427080642,-0.06015356547626211
434,0.2087841233680525,0.7223956778970697,-0.05740258156758435
435,0.210840226819172,0.7240814642960346,-0.05758106754262787
436,0.24259101095017604,0.8944750130524681,-0.07062418312179401
437,0.2437070271378905,0.895240380354218,-0.07144190005105014
438,0.24749251921259732,0.910965417745455,-0.07193838035792405
439,0.2450295140919933,0.8980303189003527,-0.07094674131856386
440,0.2136698536972867,0.7377731744051111,-0.06643983013315027
441,0.21274325791947876,0.7232571713750048,-0.06255493148058433
442,0.21477052508020594,0.7295329243693767,-0.06310468835911542
443,0.2503231049939811,0.9139465840474341,-0.08167432100842274
444,0.24954999286842663,0.907266472266661,-0.07962604768218477
445,0.21641591729988588,0.7367714205261213,-0.05699024892193624
446,0.21886007823993528,0.7437581976519216,-0.06586744022064886
447,0.25323360879878154,0.9189994087912812,-0.07882845849166673
448,0.21852566125719183,0.7295954849476207,-0.0632536362979704
449,0.2548089270861037,0.9188949198299914,-0.08073196117563564
450,0.25264887495123717,0.907153019946323,-0.07791524716536452
451,0.2543009306009968,0.9160690338772133,-0.06709786918752902
452,0.2569522687673558,0.9235827807458049,-0.06584256942912459
453,0.2568487021270452,0.9242559229576489,-0.06483996993287022
454,0.26020884629709984,0.9372342302840185,-0.08046750178460481
455,0.2579218324594001,0.9248085142978497,-0.08131253140077808
456,0.2603745709675922,0.9320426778778975,-0.07621594603757319
457,0.26273613573442034,0.9471095016538558,-0.07738845394806872
458,0.2685828675348006,0.9719404954200438,-0.07225245227995442
459,0.26807307091113397,0.9716099798814304,-0.08323840411251396
460,0.27155666624485886,0.9618799143685088,-0.05630953843912541
461,0.2682559034872155,0.9407978431681915,-0.05327235731835081
462,0.27016451523211316,0.9478638212283597,-0.059498418022997844
463,0.2707255303474777,0.948207061319045,-0.0562845372284264
464,0.26924244895382143,0.9409493604779642,-0.0572066988115047
465,0.27401884606950866,0.9573486961687103,-0.05820619988887741
466,0.26056040878580977,0.9614361983134403,-0.0889867766400673
467,0.27651280151250607,0.9743673024864034,-0.062051885537240815
468,0.28287919529859396,0.9712834506601525,-0.08008663220667434
469,0.28336035296489576,0.9725138907808721,-0.07969773087206132
470,0.27563933213610337,0.9554290372200176,-0.0591479629956319
471,0.2813913154166447,0.9789753441640758,-0.06057334013664911
472,0.2803873142118024,0.9717276927623157,-0.06015839060958497
473,0.28595066669511965,0.9958407839920105,-0.06538463878371037
474,0.2903482868236109,0.9843916701428812,-0.08129513907849834
475,0.2963344618849961,1.0090339299604048,-0.08525971495876758
476,0.289650013999968,0.9721214354818427,-0.0841413477644764
477,0.2480466327480356,0.7938764172955676,-0.05399052738476909
478,0.2883434503514584,0.980452664533893,-0.06462415502404387
479,0.29693677422662484,1.0184775371600414,-0.0670354808200376
480,0.29570334843387175,1.0103412965366285,-0.06804087047530828
481,0.2876620970271782,0.9881117917244037,-0.08279847014788487
482,0.29284765440042054,1.0052358789423923,-0.08218590511698433
483,0.2609028613641008,0.8295043552340206,-0.053569937296219894
484,0.2928810359119892,0.9989493363322212,-0.0817317096207211
485,0.29413222426908353,0.9955920537667063,-0.08152868697905419
486,0.2928060214847082,0.9874157727112233,-0.0808940549379457
487,0.2974974565777524,1.0028896972402708,-0.08216505293723317
488,0.3061431372569648,1.036230419520527,-0.08485670692224609
489,0.2617979809735514,0.822306349274719,-0.06794297600961363
490,0.3062982590878522,1.0302296010571277,-0.08594380825254314
491,0.269205133010826,0.8329167884394928,-0.05403396241843664
492,0.2640667160119769,0.825251699248045,-0.06425999876211899
493,0.3052740302444426,1.0172058123054581,-0.1011287822906013
494,0.3146966881460593,1.026943312897799,-0.06604071365467828
495,0.31634892609523874,1.03748431619713,-0.06666540110295585
496,0.3229223924986175,1.062477681978698,-0.06823608921641566
497,0.31714721827482567,1.0300264505494945,-0.06628973403500173
498,0.3146236739111304,1.0166486262483294,-0.06548254909437994
499,0.32122224749657197,1.0189694763308865,-0.0867833549400371
500,0.3179918625651872,1.0235178362090998,-0.06596686949786516
501,0.32603542679586134,1.0579357001358987,-0.07027801984135773
502,0.3141696084680258,1.024175081074227,-0.08424097061325655
503,0.31282406968684806,1.0148044917379953,-0.08497858540576296
504,0.32074651081052996,1.0502111671645098,-0.08633731193857147
505,0.31912883984047574,1.040962857382088,-0.08561570113706664
506,0.3192637435568839,1.0424457961275888,-0.08572741871994817
507,0.3234242553101743,1.059222145157831,-0.08707571757993317
508,0.32175797095109,1.050239103467333,-0.08637175887537131
509,0.27892102713856476,0.8541495425813991,-0.07079793452880984
510,0.32444142710639967,1.0610089820935824,-0.08723772556561539
511,0.33135976828198876,1.0660051857244959,-0.07091815913626497
512,0.28826379199772106,0.8779555002876402,-0.05897115003540224
513,0.32894356458969465,1.0676600512150203,-0.08946822097056129
514,0.3273894390763376,1.0578299190660043,-0.08652833622905792
515,0.28826902908800106,0.8816309731540856,-0.07289050144771395
516,0.3318196708136107,1.075826849413794,-0.08948494826503225
517,0.3260690432163588,1.089089475950218,-0.08780637116600523
518,0.33032885150525143,1.1069332976068544,-0.08683895345362729
519,0.3294189232392599,1.0763242861510458,-0.11111459143485755
520,0.3300264396516502,1.101917136459095,-0.08651559943223322
521,0.3287419791610417,1.0939176962835708,-0.08826209625568213
522,0.33283521617913275,1.1099708650692923,-0.08951775529368686
523,0.32709273820248636,1.0875542498330242,-0.08236432402299278
524,0.29133146798520665,0.9168746393823595,-0.07483264916328852
525,0.32956889847765464,1.090736073331919,-0.07489136012507153
526,0.33015928326290755,1.0906414324352478,-0.07168087328815509
527,0.3281203833703929,1.0811310090603874,-0.07279298796819979
528,0.33986334595000817,1.122086706669369,-0.09555329859055534
529,0.33644538712400973,1.099492678803055,-0.0657428234191261
530,0.33514332980406536,1.0997786420531594,-0.07409603990396657
531,0.34206498205757424,1.1263431639577444,-0.08136316679469487
532,0.34341441158323466,1.1030229310938953,-0.06307160439280841
533,0.34573782941272097,1.1143120291995905,-0.10012356183821183
534,0.2980962900484178,0.9062726708574357,-0.0831972060536268
535,0.34340147466658544,1.0996546069369875,-0.0996889074304278
536,0.34849656388539707,1.1152269211599455,-0.10111660623077025
537,0.34575448456622787,1.1013644552280317,-0.09996924340128532
538,0.35306408083808144,1.1296159503416214,-0.10072402446565054
539,0.3583454991856685,1.145233641397586,-0.10214550015825612
540,0.3554793780144394,1.131113973965636,-0.10099824530359028
541,0.3645871442937231,1.135787106391228,-0.11213719064931703
542,0.3664421468356131,1.138346055068355,-0.11031001155075515
543,0.36432084289027217,1.1281588165191585,-0.10936761512364998
544,0.36748095402672143,1.1390181885609398,-0.11215447431197872
545,0.36904371266221886,1.1414237479385894,-0.11212664693137578
546,0.368352892649985,1.165006824725077,-0.10314246899047377
547,0.36076344380675873,1.1332667886177636,-0.1004950329331554
548,0.31654942840256517,0.9373638356612262,-0.0858372746825419
549,0.3761930279947266,1.1819521629987377,-0.09194455511163685
550,0.3751900074623195,1.1512632435339287,-0.11521080636050089
551,0.3720128283249121,1.1358130033912393,-0.11375805346035728
552,0.3302789268287092,0.9574432735006844,-0.1001499825846573
553,0.3702994840710156,1.1489029224935428,-0.09204197743912548
554,0.33069195896179593,0.9546259860939699,-0.09651723633786788
555,0.32839110506392183,0.9435858278784484,-0.09547761755356957
556,0.37550215748238613,1.1582708348137154,-0.09041100549555164
557,0.3793513578202689,1.1532829265898248,-0.11809116987925292
558,0.3777436867076818,1.167691453204508,-0.09361394310868995
559,0.3344807352323415,0.9807115649955745,-0.07729697390254839
560,0.3757606140399548,1.1581693980956433,-0.08878457216057241
561,0.33292471099552884,0.9783882612833019,-0.07575015858807935
562,0.3857452390688382,1.1975832577731758,-0.0924382835351056
563,0.38151294729855123,1.1822151465939064,-0.09021875686714698
564,0.33535825512207784,0.9825454061404569,-0.07939461847429596
565,0.334869491412541,0.9835248769396722,-0.07832002206759506
566,0.3834963462758618,1.182461028648988,-0.0920335859555883
567,0.33766203746405526,0.9872057824413409,-0.07763397182387233
568,0.3340730029360538,0.9796029262296513,-0.07300546306949687
569,0.38593136295122593,1.1914206177064344,-0.08953569722335869
570,0.38843577799003637,1.205983904356784,-0.10776985626031557
571,0.4048567997460438,1.2407991510411358,-0.07123269131736645
572,0.3856292674371214,1.1912394831321547,-0.11015765169332886
573,0.3416171473976008,1.0069854282696669,-0.0814927453345097
574,0.3856840214801571,1.193565029733025,-0.10868680772287405
575,0.33898207994448515,0.9957708066749614,-0.09133798100093454
576,0.40872020667773273,1.2618833312387339,-0.07017780473546896
577,0.4045475439875918,1.2455612534135259,-0.07955856297870639
578,0.40247778724596456,1.249156362354566,-0.10364976961489832
579,0.41259487272972745,1.2473792058490205,-0.09460197901629808
580,0.412570840881354,1.2480959223181953,-0.09277905153758287
581,0.4162825732991282,1.2655641949131609,-0.09585784478660048
582,0.4061201273872539,1.219974877379071,-0.09511944956848406
583,0.42178476936515713,1.2810561684204134,-0.09705278647156844
584,0.4149573124770124,1.2512888328139034,-0.10967392657978187
585,0.40190878399864793,1.228484504408599,-0.09761598924444918
586,0.4086771920327013,1.2224022517168105,-0.10727494206460755
587,0.40856300099740733,1.219269992384441,-0.10950459782245128
588,0.4111761907130109,1.224185535056503,-0.10750807807629831
589,0.41132661854527686,1.2257526298537775,-0.10763055934432413
590,0.4135360287064787,1.2262610279553832,-0.10603786242423552
591,0.36401756979333705,1.0323351489380914,-0.0899580906269665
592,0.359565264454127,1.0395412177896728,-0.0889124104942896
593,0.41719559493800795,1.2301081025363136,-0.10041104027756192
594,0.4292730514224529,1.2773431396791852,-0.1004451898106607
595,0.41447479284773975,1.2501119265641634,-0.09654598231677541
596,0.4248941890421882,1.2473065021839116,-0.09983595541354184
597,0.42937487803610236,1.3000548163276797,-0.09827818015851082
598,0.42521918263513125,1.2454979350383033,-0.09819311801424313
599,0.43200894626415876,1.3017083929036353,-0.09578291705653595
600,0.42231554789525183,1.267428687806631,-0.10397012400896423
601,0.4237641032168523,1.2325924441098886,-0.10693674169391643
602,0.3736217424064295,1.0427630113600816,-0.07928182770471418
603,0.4304205639146864,1.2528247976552997,-0.09440383851683026
604,0.4358472735929208,1.2696255828614094,-0.100185965427731
605,0.4358523425768631,1.2674442760936948,-0.09552426824878543
606,0.43699325486225127,1.2708836968479573,-0.10031232186099888
607,0.4352525136896479,1.2581518606843012,-0.09940738474125291
608,0.43884531495120366,1.275013671913818,-0.100654686252341
609,0.44435480633687935,1.2932236543925586,-0.10727857195919557
610,0.43946794581532184,1.2982409090346128,-0.07090920442363882
611,0.43949127189080056,1.300183569833784,-0.08378268911697873
612,0.43710980080810075,1.2888065592270923,-0.056949133352321234
613,0.38203904968611846,1.085176360506642,-0.057900958414154075
614,0.43782495125385507,1.2885709573090467,-0.056975167246956684
615,0.4383622967717734,1.2919939841023442,-0.055545639337526556
616,0.4397722238894738,1.297750843322636,-0.057327347686646574
617,0.44745807119695724,1.327485600362339,-0.0616397921425315
618,0.4558944824609464,1.3636535833004373,-0.07302957681031726
619,0.4597977044194632,1.3823984614514493,-0.08010595214417078
620,0.4427377705887299,1.3161949603770289,-0.07803843825996166
621,0.4623912144692624,1.3628516797329264,-0.09504395967616569
622,0.4563468608339196,1.368580414688285,-0.0793441814828891
