Frame,Robot_X,Robot_Y,Robot_Z,Roll_deg,Pitch_deg,Yaw_deg
1,0.06774447942228055,0.15344469247804,-0.0274207004508675,0.08203178195813737,3.1639135494921136,46.69000436260587
2,0.08231905611174836,0.1431508928681314,-0.04770173132113956,-25.76631591308553,2.3673195630223867,44.63766213841519
3,0.06805844121838235,0.15525199962920735,-0.024117051571448153,2.5216417824801187,2.4161387496589475,46.32446257766562
4,0.06449368026861274,0.15679359687438557,-0.032898982660436706,4.311382759639128,5.946086684950865,47.66389635783777
5,0.06475695892940944,0.15690007716196247,-0.031727437284245666,4.311382759639128,5.946086684950865,47.66389635783777
6,0.06492070813046691,0.16038539888948913,-0.03220098545289096,6.0106628264952,2.615424740715865,47.088864828676336
7,0.06770528958949598,0.15893709982218582,-0.027536384306726648,5.52115185937055,1.3800643249936646,46.81717098643261
8,0.06625324731400144,0.15892990933862983,-0.0317307231344521,5.769776226584986,5.409045614257957,47.66475245872053
9,0.06776630284690208,0.15699206845595418,-0.02853381907308416,1.0117069638668716,1.2098122494026542,46.46307712958947
10,0.06802285211420027,0.15785354868668303,-0.027440206717321558,2.4687009396381905,2.4312739005185926,46.46927630756942
11,0.06809308817346382,0.1572946409212283,-0.028608331077457118,3.940251506982228,0.984812805968828,46.939066188316886
12,0.06761467919473811,0.15702204956729626,-0.027873721028246395,3.3185119984154885,0.4167600192165537,46.79164581786239
13,0.06805807922092631,0.16176928858194342,-0.028541980222764662,4.784458190743167,2.1226569011852545,46.284408464126074
14,0.06830477742142554,0.15636751604427707,-0.027863448934023503,3.8624679101029513,1.0688310487356867,46.950195942444786
15,0.06844630515778038,0.15637003512407446,-0.0273071967170679,3.8624679101029513,1.0688310487356867,46.950195942444786
16,0.06887389576062464,0.1519049315533614,-0.026807345063774395,2.363923201820729,2.4610398064615717,47.06162495983516
17,0.06890399252322028,0.1515089589519366,-0.02676209822771213,1.0632348502927307,4.13081593847551,47.1999173784541
18,0.06892383631878232,0.1498969704809152,-0.02656583514242507,0.4983787919550006,1.6601774656159076,47.087744736584156
19,0.06811770400789814,0.15700653362062947,-0.029724607791118712,4.284936719920619,1.495262907527638,46.707774301656485
20,0.06916277088388936,0.15612824671394418,-0.027361595327139825,5.181822036984735,1.5625136615264148,46.81603418279392
21,0.06964261154236935,0.15022450475409052,-0.026690644903535957,2.704295226808287,3.0469310455615006,47.19664392297025
22,0.06954659816792859,0.1550830088723289,-0.027277924167371598,5.16151078437664,2.1996866043378858,47.531109180743094
26,0.0705550406072353,0.15208478827062744,-0.028344476173330926,0.14629259016537613,1.7983081645177796,46.468785978803766
27,0.07053139845468909,0.1532081468521335,-0.028498450360237536,1.9317801293108838,2.68017952164599,46.44362003310081
29,0.07056471513587007,0.15334248771164727,-0.027952646766450533,4.907723701572365,2.282393750632142,47.513315104201475
30,0.07146239710328517,0.14766958134461228,-0.028075497347285934,0.624214703325981,4.287013189571226,47.154205679438114
31,0.07148767421965502,0.14770388033191945,-0.027829450720338534,0.624214703325981,4.287013189571226,47.154205679438114
34,0.07095700879056105,0.1525728921156956,-0.028727245140454383,5.429155646098436,2.4313922547917346,46.99433405518291
36,0.07152018035010325,0.14716486004345627,-0.02775772096098092,1.8293150056256828,2.7159738708442336,47.035806079008786
37,0.07152690170778615,0.14785538653535868,-0.02785452954785454,3.568109423429655,3.7359341409371267,47.05946613573578
38,0.07152690170778615,0.14785538653535868,-0.02785452954785454,3.568109423429655,3.7359341409371267,47.05946613573578
39,0.07159909682930454,0.14184180147716724,-0.026812201116853035,0.924577939194182,4.456939972945425,47.23155828312739
40,0.07158670462649169,0.14623157327354638,-0.027634565724605722,1.7553411834152,2.795733933866021,47.043776733198094
41,0.0716032138089493,0.1462597637811188,-0.027425852633436033,1.7553411834152,2.795733933866021,47.043776733198094
42,0.07158670462649169,0.14623157327354638,-0.027634565724605722,1.7553411834152,2.795733933866021,47.043776733198094
43,0.07200562645392994,0.14615919374059844,-0.027667082319650035,6.580266318101281,4.340364566782581,47.760128027059764
44,0.07193458293307843,0.14651022549298728,-0.027708724866067014,5.268457446605197,2.4695197626818306,47.581678579674225
45,0.07228189828752926,0.13988646140310684,-0.026608721424059366,-1.118214938831458,3.2824293815174204,47.14828779362379
46,0.07200847605312496,0.14477335887191023,-0.027259850875991372,3.093213403147042,1.4809054535050643,47.53667893639989
47,0.07167792680670594,0.1447528291726742,-0.027518757534226664,3.038471201401029,1.0284281235266806,46.869957382785216
48,0.07189856017948103,0.1436723704063989,-0.02614851079381163,0.21004691075135443,1.7869811138733511,47.071254999180205
49,0.0723035179378966,0.14467162271089343,-0.026319200921308204,5.088928704430802,2.6348311487660045,47.59878381368715
50,0.07250754661717118,0.14908832927065893,-0.026887307060606568,6.39775732790358,0.35683295492702455,47.25519297165427
51,0.07208996860162041,0.14802778699816804,-0.02771969463773916,3.843779352345562,-0.8019267063476516,48.374655052576415
52,0.07275688035851739,0.1432234313938464,-0.027119172137812717,3.821983495629862,2.468465465773929,48.61431326135342
53,0.07292000353044073,0.14277073246934788,-0.026157452516514607,2.33901364907686,0.9462050608211997,48.547201808649135
54,0.07290028143356465,0.14273745399527593,-0.02644880974726505,2.33901364907686,0.9462050608211997,48.547201808649135
57,0.07306036069625763,0.14341946216856738,-0.027176576770326873,4.383930026170822,2.46850817905565,49.25095271672976
58,0.07312433235988379,0.14163798621520807,-0.02693566107774302,2.313806115023903,1.4618628954993431,49.21396742361589
59,0.07312433235988379,0.14163798621520807,-0.02693566107774302,2.313806115023903,1.4618628954993431,49.21396742361589
60,0.07312433235988379,0.14163798621520807,-0.02693566107774302,2.313806115023903,1.4618628954993431,49.21396742361589
61,0.07312878724786155,0.14248466393320916,-0.02703775937197163,4.30344267692051,2.5538157749388684,49.259869897100764
62,0.07314451926701733,0.14697866188577427,-0.027661898321701406,5.3608826043137245,0.2675112381838131,48.93362146716026
64,0.07306375692752805,0.14342005738968608,-0.027160852016034104,4.383930026170822,2.46850817905565,49.25095271672976
65,0.07306036069625763,0.14341946216856738,-0.027176576770326873,4.383930026170822,2.46850817905565,49.25095271672976
66,0.07306036069625763,0.14341946216856738,-0.027176576770326873,4.383930026170822,2.46850817905565,49.25095271672976
67,0.07274241618468806,0.1427276448221546,-0.027032857212725688,2.33901364907686,0.9462050608211997,48.547201808649135
68,0.07335174907296883,0.14294733743468943,-0.02714003400211509,2.8861387673983243,1.4832073502977412,48.67948684434108
69,0.07373856220661137,0.1457822623047701,-0.026624651693379037,1.8400142401803288,-1.9954069265949408,48.367954892794884
71,0.07396080322288638,0.13934778327280867,-0.025858046548025197,3.1720969389934157,3.8303246080531106,48.77317148435863
72,0.07373856220661137,0.1457822623047701,-0.026624651693379037,1.8400142401803288,-1.9954069265949408,48.367954892794884
73,0.07412938349598358,0.1428255820321571,-0.026306315244152972,2.2482557878929876,0.8754250418735654,48.51498909475587
76,0.07544571172094534,0.14435590803675935,-0.027528237964766156,3.1017725736086112,3.6427609561483,49.30410690334158
78,0.07372338727017003,0.14451584844435664,-0.030681199332997712,4.262382439990068,2.18577463250903,49.50165637658051
79,0.07573603745008588,0.14265206955777313,-0.02733626982028786,0.7069994547435741,0.38969899111871464,48.619208471282775
80,0.07572105917802249,0.14913965711598645,-0.028235298932783887,2.7727745578161667,0.5564636691379135,49.66990874790846
86,0.0775061152566714,0.14511773296369818,-0.02785463097054299,2.608376196643884,3.324160031129786,49.754991256967244
88,0.07874815869437353,0.1460650820735551,-0.027656121491775473,28.240451773560707,-11.603218386753829,46.063717895731585
89,0.07819069932334019,0.14424499313644268,-0.02780160059150681,2.981454902617943,3.8620078757379575,49.885122619310245
90,0.07912448564908087,0.14380684771003438,-0.027833688718277808,3.9416766867706086,2.07006903183672,49.072233064127516
91,0.07741603216775118,0.14428462718065105,-0.03138031608359176,5.422285326817422,3.549645227508158,49.511567556684845
92,0.07938644479361451,0.14734483773959436,-0.028125451040464586,3.1915418157107265,-1.8579291741369293,48.67372340258596
93,0.08005268414910305,0.1475516543889028,-0.02947207232692412,3.92330365713691,-1.134191522407953,48.837670263613546
94,0.08042657518350108,0.1440632861721823,-0.029053658086558545,5.748904507532388,3.2502888575011135,49.12955875216759
95,0.08068703858536527,0.1440791532719386,-0.029087758761487347,4.425490184995705,2.066902352454201,48.515623399093904
97,0.08058011975357304,0.14407514141438085,-0.02949022617028647,4.425490184995705,2.066902352454201,48.515623399093904
98,0.08114955996785272,0.1397433441228939,-0.027092260147507843,2.6853402749934463,3.376433561624371,48.56111718427631
99,0.08137603799896855,0.14220886450944006,-0.02743891172288899,1.6353934542821065,0.5409370714268321,48.33521172017516
100,0.08130303146962077,0.1483920938316084,-0.02823842108593573,4.352580607587105,2.026077799665549,49.09377278109085
101,0.08145570507597479,0.14322781123000486,-0.027580657215187813,4.99787169408376,3.261803291454672,48.45752885880463
102,0.08172705582192169,0.14375666067548626,-0.027679289762389078,3.8357337489602057,4.878677345056441,49.208977142842734
103,0.08213545571537167,0.1429752139844122,-0.02718613935669589,3.6924873644802467,2.637232315148721,47.36718286290937
104,0.08189794196979137,0.14834845143941597,-0.028297551956867662,3.6635071497221094,1.3511308527240076,48.90354463727082
105,0.08201107892420142,0.14417442841275488,-0.027764797162306766,5.6933111805542715,3.767582269132651,48.621498720399835
106,0.08194534098521276,0.14749573270716862,-0.028626386394494097,2.9579067563385437,-1.2849357217081039,48.13935782477281
107,0.08244671825956099,0.1442701661279774,-0.028228540494554852,3.6399169632104194,1.3186179061439445,48.29099615103197
109,0.08245149236988533,0.1438241729627601,-0.028167108734661914,3.1235633679458816,1.823760066608559,48.332157301835636
112,0.08280749823182951,0.14407753352481567,-0.028237697056729738,5.048667116741493,3.6897130078352323,47.94098950557866
114,0.0829879174428126,0.14408659933620244,-0.02750257196514885,5.048667116741493,3.6897130078352323,47.94098950557866
116,0.08324700444533702,0.14400101159765258,-0.027522471078608342,3.6897156758711196,2.4762027365403654,47.32396377814354
117,0.08330963602326215,0.14425928722009865,-0.027802507319019086,5.600451568438605,3.7608203469079093,47.423777185096654
120,0.08276335229269503,0.14403922390544976,-0.028227987203484992,3.616163124073076,2.0011455225917913,46.65048279193724
122,0.0819460429723208,0.14577697762230915,-0.030352736307926904,6.233354603087399,4.754526133091228,46.77678502343672
123,0.08177067456333229,0.14956623564212326,-0.030802174478722345,10.334098587727045,5.443692170512417,47.03009926690259
127,0.08195791223843668,0.14951736789782863,-0.028908253265176893,7.230104781337059,1.971400702163959,46.03909046135587
128,0.08242456970588707,0.14892778605357518,-0.028032804728397833,9.155653245400819,3.7055027876221454,46.26213809316046
129,0.08198074453912015,0.14418114487236447,-0.027762368585471972,24.138664787349118,-13.584640399077715,41.792202793415214
130,0.08242456970588707,0.14892778605357518,-0.028032804728397833,9.155653245400819,3.7055027876221454,46.26213809316046
131,0.0820456253335433,0.1490711698938766,-0.028855044952630873,9.155653245400819,3.7055027876221454,46.26213809316046
132,0.0823431253206672,0.14937040728297088,-0.028077765130766274,7.230104781337059,1.971400702163959,46.03909046135587
133,0.08261941590625665,0.14498102034031948,-0.027569463511753264,5.025021610537604,3.198334213906025,46.08947656610317
134,0.08279846446261364,0.1447664460006326,-0.02756406692311035,0.8373964627234722,2.3761169060220944,45.60151284798709
135,0.08279846446261364,0.1447664460006326,-0.02756406692311035,0.8373964627234722,2.3761169060220944,45.60151284798709
136,0.08272840077410383,0.14474756277939668,-0.02791781236426344,0.8373964627234722,2.3761169060220944,45.60151284798709
137,0.08308450892403849,0.14601212485592052,-0.028121757703827088,5.7781781765232365,3.6969815006217384,46.25532201079807
142,0.08419780084708568,0.1459537018694183,-0.02954590517501177,5.702042867102074,3.6062553169276654,46.21686635466089
148,0.08523547521033424,0.14659938901057917,-0.028076238196454304,3.77026953092913,4.660874870315937,45.60103716368006
149,0.08549790748327042,0.14637953053510175,-0.02807998841613982,2.554519911314904,3.550389432543409,45.01715824988756
150,0.08615825122411976,0.14544302474632612,-0.027275564721780544,2.9445601241747466,1.6951518165228228,44.74764840438642
151,0.08644491279189641,0.14605009709623243,-0.027316835077477158,2.0350875604028267,3.493438185314959,44.36076412303805
152,0.08644491279189641,0.14605009709623243,-0.027316835077477158,2.0350875604028267,3.493438185314959,44.36076412303805
153,0.08603299209138032,0.14168657625905473,-0.02756469669553234,1.1146814886745597,5.03955863198169,44.53467559275538
156,0.08729129803873642,0.1467971373226595,-0.02750106804134582,1.9529553670219382,2.975029126530162,43.66916125361837
157,0.08786273661431597,0.14574048765217418,-0.02827913286470665,2.0410488698926157,3.834767415232611,43.82120309691017
158,0.08729129803873642,0.1467971373226595,-0.02750106804134582,1.9529553670219382,2.975029126530162,43.66916125361837
159,0.08784230482518285,0.14612649613995624,-0.028324287795419727,3.578717202419336,2.1486987973709257,43.695477513153
160,0.08791825588004308,0.15024542199537266,-0.029602326670692132,4.491994803625052,0.05938799620274276,43.365982809990236
161,0.08797360833111276,0.15036656701477685,-0.02962464959006343,6.350520695146019,2.25085881338097,43.598741924043296
162,0.08822161577099238,0.15128792635971017,-0.029004739003790837,4.988153420563546,3.358081891747026,43.67054068054287
163,0.08844783234965688,0.15080504106232465,-0.02973269479248397,3.6483664083510203,-0.8619061582655545,43.13944289285586
166,0.08936423284170292,0.15233742786009313,-0.029268296678861237,5.008363206599558,3.196295546702458,43.62761935880236
167,0.08895630882174024,0.1529037080539773,-0.02929012947887793,3.478007291598182,0.7713572690652776,42.79074570144674
168,0.08872270557568854,0.1530949424204003,-0.030077896063149062,4.975889139549194,2.584360642972484,42.91933428985846
169,0.08747498204826137,0.15385531473039904,-0.03309869672330973,6.438052241388192,4.742605113888762,44.081061674241056
172,0.08938529822395012,0.14811926212289547,-0.028751099644443622,-0.5753446939374065,3.0795496385654584,42.543708047897184
173,0.08982334812060788,0.14976529568824726,-0.028141585498106303,2.4968297466526232,2.616355583301052,43.04040216813279
174,0.08982334812060788,0.14976529568824726,-0.028141585498106303,2.4968297466526232,2.616355583301052,43.04040216813279
175,0.08982334812060788,0.14976529568824726,-0.028141585498106303,2.4968297466526232,2.616355583301052,43.04040216813279
177,0.09015402961635438,0.15417562498832438,-0.028715464296303023,4.9970102265122245,2.4162721659199216,42.875006215334224
181,0.09040537289410262,0.15440900130357837,-0.029645848407607943,3.8138678913520825,4.184706623599444,42.47540892453093
182,0.09027947506332289,0.15263246329462235,-0.029412188017861052,0.6648367604655632,1.7092744126306525,41.24834663701271
183,0.0906614485726265,0.15396060265687458,-0.029620695872927684,2.5646379539396555,3.0400502198724624,41.88818113803419
185,0.0906614485726265,0.15396060265687458,-0.029620695872927684,2.5646379539396555,3.0400502198724624,41.88818113803419
186,0.09105486344178479,0.15426836464310728,-0.03047280897924523,5.006677969320558,2.3347838022053846,41.67079677312178
187,0.09105486344178479,0.15426836464310728,-0.03047280897924523,5.006677969320558,2.3347838022053846,41.67079677312178
188,0.09125633573687751,0.1542614404498721,-0.029727659490268232,5.006677969320558,2.3347838022053846,41.67079677312178
189,0.09125633573687751,0.1542614404498721,-0.029727659490268232,5.006677969320558,2.3347838022053846,41.67079677312178
192,0.09117907193789075,0.15521480855926262,-0.029836034442370298,5.103061187150636,2.2652784823357845,41.663996003928624
194,0.09184511266136293,0.1599152744174754,-0.030493386974623955,5.126050911485156,2.2414024867936275,40.99808962275054
195,0.0923364566001004,0.15577568089123628,-0.03004112890051104,3.399768372562283,3.934552085512922,41.77454903537666
196,0.09193430594257605,0.15610815194260674,-0.030034835118005344,2.0305113050609527,1.865102065828346,41.02622245821004
197,0.09225924602595031,0.15672909375500702,-0.0301495156203505,3.489192508097472,3.871815473771063,41.7707758365525
198,0.09225924602595031,0.15672909375500702,-0.0301495156203505,3.489192508097472,3.871815473771063,41.7707758365525
199,0.09251003590446023,0.15617969404235943,-0.030111298796494813,2.2266219422274247,2.7179349252348293,41.18711803168781
200,0.09203727740993575,0.15563151299561065,-0.03075976652773143,-0.4558140464430387,2.6879236680466407,40.643019073748505
201,0.09178568052832206,0.15704232551225378,-0.03051039316648996,2.1161920926325255,1.7924608416181211,41.01845952110158
202,0.09179066099643154,0.1617827368027645,-0.03071705758217143,25.668840763060665,-12.967050123833687,36.763082834012295
203,0.09179066099643154,0.1617827368027645,-0.03071705758217143,25.668840763060665,-12.967050123833687,36.763082834012295
204,0.0917674820217641,0.16170430461034024,-0.03070467125224507,7.1726309840304685,3.6169068263268462,41.126722652869056
205,0.09213244651175578,0.15654925530705358,-0.03011246049114992,2.2026690666958415,2.269443342801801,40.522264450262206
206,0.09193350940145813,0.16110790363138194,-0.030650704119200702,3.845331345543994,0.8642544167852907,40.37119593126341
208,0.09232719483923187,0.15620322267947834,-0.03009271318504678,-0.291364073623667,2.9576191711926567,40.11387281681327
209,0.09255589972980764,0.1618613029412658,-0.03081665439322876,6.570224858201652,3.5749859072307735,40.46086737557077
210,0.09281066172702937,0.16170485759631545,-0.030827315746577114,5.345052860596576,2.0295408934683405,39.776549331189635
215,0.09486385104357134,0.16106215681035468,-0.02582069882048984,1.2138416113424904,-0.1927483605859699,39.20962895686633
221,0.09392341082572349,0.16388992441484865,-0.03209374554639889,4.291221169378021,3.6253251510934503,39.3465073279627
222,0.09477271137784209,0.16339556692175863,-0.0320791618027948,1.0245079288817354,3.614172034476563,38.72149880306711
223,0.0945756241988827,0.1645846723782497,-0.03174011486270734,3.6891406787695296,3.038510236585294,39.17102581167542
226,0.09609972818369908,0.16615425787508328,-0.032111376895346905,5.468692431952919,4.7006453680587255,39.91044164621771
231,0.09704077290275565,0.16667215147436937,-0.03279009366268733,1.4242095468279126,2.8812665590865905,38.596769906722045
234,0.09830962996243882,0.16654566045846705,-0.032405619678336266,1.0980571879845924,3.1797975292018705,38.60738760047334
236,0.09802789368357327,0.16850700724580084,-0.03262860570334043,2.6090568709973923,3.8101411909266845,39.11609250233236
237,0.0988263950211934,0.1723583777262723,-0.03284667944446272,3.7980599423048624,2.567926379805118,38.357977385352676
241,0.098964688832677,0.17241069838240072,-0.03323745742713413,2.734241756477538,4.2442858989273295,37.92388375282233
242,0.09904003929743614,0.16759721164149344,-0.033117411810869066,1.0998471774073015,2.6659145355175258,37.91835492347967
244,0.09904003929743614,0.16759721164149344,-0.033117411810869066,1.0998471774073015,2.6659145355175258,37.91835492347967
245,0.09877400658400379,0.16309844761198694,-0.03246648560642042,0.2452350500108767,4.199367873542869,38.138778186093894
249,0.09908459295697428,0.1689949146026874,-0.032760209095500786,2.7303760134171533,3.6836137729682683,37.91484212155322
250,0.09959636960341442,0.16899974853483493,-0.033367444239433476,1.6873500957393353,2.924124501412557,38.00755621753369
252,0.09942486411539986,0.1711125736204247,-0.032751971298848395,3.2414898142348245,3.523300360194627,38.514641398161416
253,0.09982530507446966,0.17541313221793609,-0.03428044117521362,2.9543114137492865,3.9916672879984474,37.88089945338192
254,0.09981253368542749,0.17535944284032404,-0.034210965206597076,1.6465467194041634,2.455213563223664,37.81360109900393
255,0.09972935314481518,0.17631736106379564,-0.034396407438336975,1.735069397745429,2.3952471835549365,37.80825685012554
256,0.10002810839652948,0.18196225898754687,-0.03520968015839425,2.9209926355598514,3.508826767958873,37.675132587814886
257,0.1000171768503347,0.17183545421799026,-0.03380292617023306,-0.832025387201134,5.029403487918464,37.97510055968638
258,0.09997159442397899,0.17574125055549736,-0.034340540957193036,-0.6823441216267535,3.022897017342796,37.37916738689884
259,0.0976882625425429,0.17787909792729917,-0.03912254803190785,2.02674167299534,5.661338486263176,37.800552225348845
262,0.10004751546909353,0.18464429694898496,-0.03609210521679836,4.7024118997603725,5.058056519913435,38.41526008795898
263,0.09855792999810906,0.18419817690777268,-0.03947108952067468,6.0282622230133285,7.2539157117186805,38.42246677273251
264,0.0976696879261421,0.184604217882754,-0.040171211076882214,3.1386856863723698,3.966988204508658,37.51361964011901
265,0.09823096322202754,0.18510885743672922,-0.03981458510425316,6.301722422819336,4.269782145185882,38.16577999812224
266,0.09855456773556504,0.1804063130862988,-0.03918550618510621,3.026351830356983,6.880284249547298,38.392053763256165
268,0.09843882310333003,0.18217665388482146,-0.03982764330674277,4.9226418410683,4.833462258383977,38.20775597469444
269,0.09858660655155442,0.1817821484729686,-0.0390435924098453,3.279745419384235,3.7505871177002583,38.17144219609316
270,0.0984084289416381,0.18181103747158942,-0.03977089151090671,4.616482552182395,5.318598552105126,38.2857155288026
271,0.09900437783134351,0.18041004606213523,-0.03872869927235751,35.20962575723011,-11.261448001053765,32.75930605810832
272,0.09882733158749003,0.1810924684573644,-0.038795080360238106,3.4030448050424065,4.184070318794287,37.67601790209926
273,0.09881802237945776,0.18186533438410873,-0.03889803231129011,2.32025601332863,5.36125176804193,37.74864289123054
274,0.09940962848254313,0.1820551997672887,-0.039009590453799425,4.505858017594013,4.818100079167001,37.56211646026355
275,0.09975857263806796,0.1833223615118385,-0.039231289870023195,4.962501559399958,4.685779217908093,38.16479800387418
276,0.10062083360105852,0.1818054601788252,-0.038704552652659666,2.837163475237012,3.626542211341874,37.492865440811066
278,0.10083060464132601,0.1830475245014262,-0.0398722055615939,4.597549388631526,5.085236203414169,38.20602444738486
279,0.10142659275298084,0.18355882052322087,-0.039505491809868724,2.7543701574638306,3.042487573253454,37.947659289099
280,0.10219466847977149,0.18428581145385825,-0.03869322148489405,4.634331477791119,4.941916444374298,38.16407563192881
281,0.10243583939743954,0.18488394115909557,-0.039330466866274894,6.296272665815932,6.601316288452019,38.959822678301386
282,0.10331682391187492,0.1843680376432915,-0.039370362814374685,4.579286534291893,4.851594302144647,38.126455591835715
284,0.10386540815932863,0.18526654101694034,-0.03956801242055889,2.392697522332498,5.179766004231246,38.25318214215647
285,0.10417419697648347,0.1865216607633362,-0.03978543144992597,4.416784998727821,7.017127646336495,38.76236583061578
286,0.1043483233049048,0.1860251142447225,-0.04077546449442011,3.4184588163329455,5.837401513584562,38.14221969810779
287,0.10429041370939977,0.18573954209833612,-0.04072674196241447,1.967442441085475,4.770530227702738,38.12043286206414
288,0.10461857144401408,0.1874866742620263,-0.04102128197704225,5.162095198088872,4.538084085421399,38.68882455778947
289,0.10516982444618778,0.18761192593573414,-0.04111397818629136,3.1129073741453563,5.685959695161428,38.66300089741417
293,0.10561394210010995,0.18815528089560332,-0.04020745447027769,3.5450074341144804,5.648083818009945,38.0993762265904
300,0.10676928814809636,0.18985474062336524,-0.04113123314104076,1.3026212952819536,5.836998428078228,37.56212329984304
302,0.1068519571610469,0.19648263201718985,-0.042037725964905105,3.3974345895287534,5.442172127012393,37.91275517186907
303,0.1068519571610469,0.19648263201718985,-0.042037725964905105,3.3974345895287534,5.442172127012393,37.91275517186907
308,0.10792558681813855,0.19854367856302385,-0.042471831150901224,3.5205736482265135,5.255341228683015,37.86940930105513
311,0.10926827174695568,0.20029711115223042,-0.04393310026459761,5.0760899218886015,6.643345064370347,38.583539319225
312,0.10958582810906187,0.19591536762318448,-0.041806205121468945,3.594906552278022,4.9296592918478614,38.488494241158854
313,0.10922643044929428,0.201315473936847,-0.04362530366806056,5.166161355366557,6.597865450015723,38.582945860492316
317,0.11242394342077078,0.1968333003982843,-0.03850718101379858,1.6215480693456155,4.811511839418928,38.18883783361957
318,0.11271119468807686,0.20257189813560653,-0.04018997010926843,1.4950053769263272,4.528388341383543,38.014819152247185
319,0.11197347605406308,0.20291398291617876,-0.04128834099304182,0.031736288058333284,2.882250513172608,37.90665118035566
320,0.11210291729168675,0.20319613900848799,-0.03968368503382663,1.1809993141930735,4.224754904944351,37.92647558553317
329,0.1125888849502592,0.20686124644058637,-0.04024329771606854,4.74192337369956,4.067658821453599,37.998686539209736
331,0.11329456772322027,0.20775129807399537,-0.03854786095040028,4.83941208635143,4.3979473808463325,38.68256411489854
332,0.11313455071725347,0.20250636864162497,-0.03824211689285189,3.124741656879275,5.308416364144069,38.705005338916884
333,0.11324622750633156,0.21218590593014203,-0.04072003434898668,3.343701779479456,2.8752894207502906,37.22956927500007
334,0.11369888426902935,0.20687442641526357,-0.03773013423517106,1.785067452297929,3.964248388330019,37.31947985909226
335,0.11403057943922278,0.20782064801675237,-0.03788196872183246,1.8707945234122534,4.2062684166146065,37.975821896339085
336,0.11402300529152101,0.20837070063276802,-0.037948167291949976,3.358015318131263,2.694171570972666,37.89862406798256
338,0.11490803684869258,0.2086402717702768,-0.04072673886817648,1.9084429273171892,4.07639679410556,37.94019308480414
339,0.1151941758113401,0.20968804515060854,-0.03970599888369017,5.775744130165059,5.488221132043716,39.27163466286314
340,0.11509175324896935,0.2099753788902274,-0.03972925154725198,2.1992422970888685,3.69390060258227,37.8960799637038
346,0.11735526942566475,0.2130329444047977,-0.04086785939088465,3.1107392233305458,5.165007547259838,39.13286613929477
348,0.11823245242609383,0.21882097287756472,-0.04137201409851533,4.737521612518004,3.880563523158656,38.4018372209765
349,0.11859539881032345,0.21878288281015565,-0.041407080082898305,6.1154457883078335,5.589100826036145,39.20570412889566
352,0.11924195753196278,0.22082353878683092,-0.04004039324202889,5.759538741377195,5.094380224094156,39.042227406839245
353,0.1194991182435757,0.2216308681703511,-0.041346082655103165,3.5448843663895384,4.688809226614264,38.35785994424559
354,0.11947223329468654,0.22253059304956446,-0.04027377997789615,3.748454640844092,1.9287538241636404,38.22014792148881
355,0.11926659945819569,0.21735505072244324,-0.04079198619982937,0.9067657076762756,4.423044333204276,38.36701996472724
357,0.11938201263979298,0.21754062636076302,-0.041332872660201865,0.010483362621335634,3.3814844740411565,37.80813779933128
358,0.11984743143486068,0.2183344398025417,-0.041486980815648195,2.5428905977078204,5.720424472298712,38.471763355878885
359,0.11986429667357708,0.22443515485387572,-0.041734476383067494,3.3302505046208295,4.190869031190475,38.21871896845516
360,0.11989011840446875,0.22412592892320485,-0.04184359565907072,2.361132388773256,3.0183836255015315,37.60710378618307
361,0.12021925667667355,0.22470655998734235,-0.0431517528442548,3.762046676023275,4.472692089021927,38.32334596491479
364,0.12019732965976436,0.22020399707617877,-0.04251153469371455,-0.004545447722923961,2.917760344186458,38.31274051635205
365,0.12088721382848816,0.22020825237547856,-0.043066351150517566,2.6692520772188137,5.55462796964045,38.43973005725737
371,0.12625559519279625,0.22746654050009008,-0.03978928042721126,-0.44942676883965205,2.8202139591487074,38.43087549799798
372,0.1230948327419274,0.2238492154880502,-0.042114648058288254,1.3070271723727762,6.177480941019006,38.900062072542
373,0.12317024621346676,0.223291799667361,-0.04324897884593808,-0.726241838566234,4.168239366810432,38.34953940311325
374,0.12313637365284127,0.22483450068507135,-0.04095800104125702,1.4897375008038345,3.832247007604419,38.880310941800346
375,0.12339665381302756,0.2242821902230136,-0.04220198020325626,3.705702071759583,6.626295633219282,39.647999175131154
376,0.12380218006088183,0.23180717242220966,-0.043273748044848265,3.990160647363085,3.874908349431509,39.41400505199542
377,0.12079587694853626,0.23104265447009242,-0.04872730389194145,0.2572477376782125,3.358581172314957,38.612634288547014
378,0.1217029766675276,0.2377746529808137,-0.04783150685373895,2.46289220943294,5.627033130384637,38.51045435175221
379,0.12355120257197443,0.22573275083525052,-0.04294227970858513,-1.9404996747729215,2.6486861775971393,38.275531106742434
380,0.1213608007407785,0.22805041412004018,-0.047178772232035336,0.5350717003032107,5.417699892685218,39.32686854336586
381,0.1214442429205786,0.2399575731456287,-0.050812521154495166,5.391476688635204,5.594565926484723,39.18037092822134
384,0.12171344563910058,0.23546905048813294,-0.048217978171007446,2.6644384455811805,5.3218904603275,39.17610122248751
385,0.12487335426270789,0.22892343027289724,-0.042276476480267486,-0.6797895340064454,5.741462550689106,38.18738912328254
387,0.12514993760840257,0.23554436629917025,-0.043160328565992244,2.9928436927034747,5.232113891200993,38.877161161234845
390,0.12267819893074955,0.23817421444972306,-0.04947635016260063,1.726795607854503,6.178167260614828,39.16006613687611
391,0.1256745522674376,0.242514425792643,-0.045365182420176745,5.715256399254084,4.956510966270324,38.775334978557424
392,0.12264826836191721,0.23821292192834612,-0.04996405737309057,4.099199945994896,6.253233252755853,39.188748124057405
394,0.12311334888333532,0.23933901313113276,-0.05095039684046035,2.132753611890553,6.338204389806971,39.240878916898126
396,0.12403141722527188,0.24007486352221938,-0.05118022935189973,4.220321208052402,6.32409383479676,39.82486914740634
398,0.12483927437218711,0.2405599719575823,-0.05135922965385902,2.9289922516085225,4.861804826000116,39.058242890196816
399,0.12484118899964292,0.24056203105115054,-0.051344962809351004,2.9289922516085225,4.861804826000116,39.058242890196816
401,0.12520603220033277,0.24247245460078218,-0.051682668368095985,4.522348329632506,5.8587705778361325,39.741382336400164
404,0.12540885241451943,0.2425680602502414,-0.051723860745833086,2.283966569140432,6.056929696126825,39.16753921321914
405,0.1254846976955435,0.2434790812125243,-0.0518645228940557,5.815895772998589,7.235470355140129,40.508962343458734
408,0.12929160893228225,0.24947140475906865,-0.047475855884835855,4.873315672715159,3.4247997267928767,39.261152109946316
410,0.12883349936928654,0.25059779132183224,-0.047586361808002034,2.321732041430665,2.9528563457200505,38.527976181672656
411,0.12918675060597126,0.24541319635292883,-0.04690274786012606,0.9981798596289195,4.082474636784939,39.2356061890483
412,0.12892774681782115,0.25163293436694806,-0.046910479928910315,2.4029720270972827,2.9078982481595825,38.52650675100449
414,0.1290836764024717,0.25317536480999014,-0.047985359247833065,3.805484257661884,4.247774534666214,39.248076635315016
416,0.12584131030192913,0.2549276640390213,-0.053534362665531875,5.097683566036404,5.915537005597614,39.72224328635578
418,0.12584679577276572,0.24985233713984706,-0.05280959358918594,3.6824413253043042,6.7135498114843,39.74753348950343
419,0.12635535254131017,0.2547446439495397,-0.05357802088791319,5.73040110633188,7.111343511296792,39.7298319417438
420,0.12658866256411844,0.2558991990338388,-0.05377475346250625,2.5120011946223477,5.722809821268769,38.99879971957951
424,0.13071120234548136,0.25178841193764956,-0.047954769232030445,1.7603686262960723,3.962891914662076,39.28323228255378
426,0.13127790107692833,0.252736252378182,-0.0473106687800502,1.457977454694662,3.6261241705419724,39.1656421272848
428,0.13253205125570344,0.25360712366348065,-0.04756106594885773,2.6685759846354333,4.6136897002136,39.15778303464143
430,0.1335737141371461,0.26052155720749154,-0.04857753356411131,5.0412746517299265,4.866804613100184,39.7697177812681
431,0.13245049040489607,0.2550420060555697,-0.04855152081072351,1.6108795013802204,5.480803354951752,39.12706581031748
432,0.13360231976192963,0.2610887181140275,-0.04786439939639128,3.609232737482562,5.97652664139488,39.75544567910445
434,0.13348825810446469,0.2629694170559019,-0.04888788597919085,2.7481609544373216,4.497867605640056,39.67325563114254
436,0.14041239708996925,0.2685498487790786,-0.036219281363648714,2.488508819049921,1.878309844382977,38.91582809507072
438,0.13422522210147234,0.26453321568930754,-0.049172412089637504,1.6394878783223417,3.0533601185572006,38.94315266413972
439,0.1383480314437252,0.26385266627819326,-0.046177393700170474,-0.23846150535131988,1.7923590548450434,39.199071890798464
441,0.14019153858205477,0.26444190220305436,-0.036686986320843815,0.48727966008558604,-0.7128791183737849,38.30451437030878
442,0.14025087477826478,0.26514001022353884,-0.035867233573282566,0.53705796432509,1.5298728176001204,38.31948235406145
443,0.13994560615603419,0.26584227179301084,-0.036824730642280694,2.698383087171569,1.3586517649454082,38.916389747980794
447,0.13575409003688654,0.2737225809919877,-0.05094557183143658,7.336281251379971,3.6966330691404874,39.74211356973489
448,0.13543507373436714,0.2747247916167734,-0.05063516859372011,4.643355265170382,3.023465266283251,38.906343096708525
456,0.13663936854029712,0.27219286038634777,-0.05137685271515509,0.9879087279052066,3.8092806940535664,39.53930696983789
457,0.13758253282702443,0.27765564607362575,-0.05222896150808318,2.080232118301079,2.9227700584001663,38.83324362971436
460,0.13790867556958625,0.2791987022661729,-0.05247559678964874,3.401371238396827,4.197636861053495,39.55263853606805
464,0.1378510838691592,0.2814982976724313,-0.052789065596524735,3.7214286695857406,3.8501662658902216,39.51806057090236
469,0.13860416014193158,0.2840609546378989,-0.05219972385351794,0.1824360469005015,4.786360661749773,38.80283080904656
472,0.13880067554293402,0.28605205475044515,-0.053515634788217054,2.6386439559772086,4.787150474544701,39.49446707909665
473,0.1396142590788212,0.2871485304181541,-0.05178135149975126,2.372870177939755,4.4765267355694345,39.37773563726491
474,0.1390033248878921,0.28157799585909976,-0.05191897415443128,1.4314966307954042,5.613511392370608,40.14674889084953
475,0.13862849585945183,0.28228741724747863,-0.05197077035418487,0.5455870792855276,4.252797029706334,39.46125591168323
476,0.1397623496281541,0.288882321525088,-0.05295555724370643,2.474386245690992,4.564649834882028,40.05086806188325
478,0.14001040526808572,0.28934887288151245,-0.05304351573665427,2.829194644640481,4.600357850192633,39.464969314162694
479,0.13996644349309206,0.2897195135194765,-0.05308712682052502,1.6967346228051072,3.5006032151414663,39.43385654741448
480,0.13998760743428207,0.2909630575823919,-0.05325182702803705,1.9139287636204692,3.238508786440424,39.40609968732962
485,0.1453321254714925,0.2849559683319391,-0.0494589255744165,-1.3280269339361728,4.7426795276775655,39.52577170279647
487,0.14649308225444124,0.292529768609353,-0.052734788881780445,2.040062920104282,3.895445400736087,40.20396239136455
488,0.14760236825307532,0.2983747933691063,-0.05271146503441935,3.367288090325115,3.2014260513791934,39.585186467221895
489,0.14762115333182668,0.29914606444254405,-0.052826185628077366,2.079603539744362,4.028369356285561,39.50006332299662
490,0.14677589443988284,0.29258679377507263,-0.051809852466830085,0.9919773979649144,4.971898386753359,39.54428780520804
492,0.14314899525534158,0.2959123796474552,-0.0553169410649199,1.7024702428341354,5.009811042847193,39.92369136354119
497,0.14445450537001472,0.3051367688659743,-0.054566219678573086,0.905197069513013,3.826953905068024,39.18062225057402
498,0.14537417526784358,0.3096282391126608,-0.056124681431571725,4.783710262817669,6.798754631872022,39.94885508557554
499,0.1446789848982439,0.3051267042333985,-0.0567481730995444,1.064908981694498,4.1911283820108025,39.276745260140316
502,0.14537791721556442,0.3125542290494534,-0.05784870099793908,4.368564673567541,5.356178351461638,39.252780422754114
524,0.14757846357947718,0.3192416144225578,-0.058845543335216674,0.62703610376997,4.191105694830069,39.74056372688416
529,0.14813354174991072,0.3280730739384594,-0.06023406422435245,1.4568516311155346,5.3785511016449945,39.65780913327591
541,0.15051884485683856,0.33162411290651916,-0.06100721320706245,2.62587247754848,6.1919393101762035,39.62767853302366
546,0.15193084414426272,0.34143681688273014,-0.06250976493340957,6.18784091883305,5.605183084015118,41.070741589942244
547,0.1514133521312739,0.33717239076411615,-0.0618663478184848,2.9660232213431876,3.5476933169394087,40.161063811994815
554,0.14794519242278117,0.3565411378377577,-0.07362823565590036,3.3383851939814067,6.549880173053547,39.897767577727684
555,0.15176613878958556,0.35335757418993313,-0.06540577904437658,4.853941943503389,6.3225388392793676,40.62473673208261
557,0.15143691427095182,0.34945427979436144,-0.06482031664215629,1.701780364899602,4.638018674135019,40.48395486539945
558,0.1507865697205122,0.35018869191555796,-0.06485802411414156,0.8978178860233728,5.693557959620913,40.52947746906303
559,0.15542489356300646,0.3431814374640568,-0.052016194370237245,-0.3150481575565743,3.1543048651982826,40.029078881120626
560,0.1471257901376186,0.34662187936239564,-0.06939421040562327,2.6648905921991504,7.080016811832195,40.70124229845047
562,0.1487759239039773,0.35331730351413926,-0.06798932868761828,3.7281253409680977,6.4315437200526775,40.012086062804116
563,0.1476469393952699,0.3546455865880836,-0.0733087281065706,3.661021453565144,6.110651480538926,40.596619813257895
564,0.14877092469205294,0.3481530376023816,-0.06732948550531194,2.6987426009980835,6.983756581834516,40.66779278898021
565,0.14968962893770987,0.35425822123708106,-0.06825003989315782,4.506616095243129,7.324267086170157,40.65340545837927
566,0.1503969967468814,0.35543911914611376,-0.06850962023068749,3.78147117404878,6.383382177794566,40.66860791863358
567,0.15381210119661687,0.34821141068014233,-0.06097249906373781,-0.5087005047259537,3.1791401194623097,39.46689854864913
568,0.15095151854606856,0.35641823444125525,-0.06871992396208024,3.565658769820643,6.122252705879561,40.554714640905814
569,0.1509749980715065,0.35766468280233693,-0.06888261190934211,3.731536046802064,5.91658248336307,40.52866734000294
570,0.15044247910691802,0.35018706251463305,-0.06784634270389392,2.4594671356110522,6.789417038562142,40.5508239031027
571,0.15113135169713163,0.350440340276271,-0.06798469171691125,2.685844384248046,6.938600677367791,40.62372024269998
572,0.15112223745733797,0.3521317124783709,-0.06819914517209968,1.848662369948372,5.750663561132287,40.57321406189245
573,0.15203623854639908,0.351395437227617,-0.06824585528603073,3.443847314227029,7.76857469739321,41.24130405751746
574,0.15170013301135366,0.3525973003622109,-0.06834750901045024,2.641117181446153,6.511581354488904,40.49624526842984
575,0.15248200735318584,0.35983777203764006,-0.06939189143048746,4.828120859202093,6.936630645270763,41.255507078835784
576,0.15227272244689694,0.35270250166659606,-0.06844906293540683,2.7872044116011754,6.808641575643366,40.59240929846282
578,0.15767682259525398,0.3600973031237002,-0.06289093977983108,2.5396613551947507,4.167277583938264,40.01523038073133
581,0.15762365847661636,0.36197436170907527,-0.0659269071061506,3.743530705278518,5.095031360988448,40.73040839691665
585,0.15747725377539995,0.3640479630651351,-0.06620017016285648,3.878637399185914,5.026500815056496,40.7364567588863
590,0.1570310130972719,0.3669367338387894,-0.06503049392842354,1.8743321360749825,4.80842422588743,39.984893740653156
591,0.15698932066523533,0.3671618101284284,-0.06505534312825484,43.269450387952745,-28.75224516978983,25.973939388209658
592,0.157035771416274,0.36869571582659544,-0.06526071715400443,1.037102624901852,3.6011801953585585,39.95205324902818
593,0.1569089351836881,0.36821635647489553,-0.0651842959025072,43.311686513374596,-28.780499656172555,25.939974570842157
595,0.15739470477815717,0.3691679003552219,-0.06366654339617828,2.9288588277019967,5.839810751236128,40.706842424090574
597,0.15851851626657285,0.3776932866817502,-0.06483701128590294,3.98239106810422,4.9514287148380385,40.64753715527996
602,0.15817737448774014,0.38133596524625707,-0.06866951469426218,44.26222045026106,-28.085624124372238,26.5449481584144
607,0.1579694739544137,0.3850000358262219,-0.0691574267959606,0.47814504101734734,4.464113614402382,39.88636543481189
608,0.15472833913727838,0.3935553227675792,-0.07558852669174938,5.738742259869862,6.523545291300563,41.10676664620921
610,0.1531591513397919,0.3797296370880095,-0.07511683782616167,2.705346218060745,6.94111666190696,41.109167666993905
612,0.15880034873770463,0.38774672142169814,-0.06962135116659172,2.4097590841414585,4.346877092654738,40.536910331292795
616,0.16033971627242802,0.3964808321682642,-0.07092910295173449,3.4096964107609304,5.641031104232338,40.549403252134546
617,0.1586995854179542,0.3818309020233552,-0.06873589946385182,2.2941344948958475,6.0007845331265885,41.22102490049163
618,0.15990498714638904,0.39769946559741665,-0.07105453469718374,2.5513068536455314,4.490983390276767,39.81025721984139
619,0.16026455817117297,0.3975413135059477,-0.0710685136048768,3.4743398345545535,5.608228164280435,40.5529201449102
622,0.15980060610247046,0.398700460926483,-0.07168998803880744,2.6164116576090892,4.458103455661412,39.8125273459125
624,0.15989391678870316,0.39280556548619594,-0.07039900068678298,1.592905486030222,4.992340325460889,40.46690868805152
625,0.16107900316912335,0.400851458573023,-0.06990053097463256,2.4101989301021103,4.242176087127769,40.40759997252858
626,0.16117149271146394,0.4010068824004301,-0.07166343004880872,4.629512730186183,4.3682999925937525,41.189146446526934
627,0.1610912900429472,0.4015839262509002,-0.07173544064273268,3.4057677621001825,5.323528044352914,41.153536721628925
628,0.16145802211630966,0.402590144086202,-0.07191150428135687,3.9709717659728963,3.316030972517253,40.49961043093904
635,0.16290879898507457,0.40745371520969415,-0.07276557370794995,3.993186478942736,5.10654642291426,41.19017483492081
636,0.16246187260792444,0.40047517986827036,-0.07226610050560578,45.53361884262448,-30.892367188692628,25.45260781022148
638,0.15832659997193133,0.4104964927194767,-0.08022073598384712,5.138542675176406,6.502917534210087,41.57753329824925
641,0.16371569074854114,0.41159525030181937,-0.06994499965452024,2.7682214846027273,5.7269931483757945,41.04530914278232
642,0.16357537215302198,0.41261315535494797,-0.07057821546471194,2.830602106682416,5.694179383761078,41.04880685365261
661,0.16623905099263864,0.43062751821993495,-0.07409609079449866,2.375825198354176,4.467416390973262,40.95273071877932
662,0.16570268703600088,0.4297424308947994,-0.07392234206363008,3.980202912151665,6.433267943120116,41.675361473372426
663,0.16558754203630552,0.4295728190626908,-0.07388768392496632,3.919323327250101,6.5589420458202765,41.69538679057769
664,0.16446150721688474,0.4238678971512983,-0.073274844540976,2.2872508180376094,6.1050237121685855,41.67320120396585
665,0.16590034317734423,0.4322109509463732,-0.07452115681388934,2.2811836656428914,6.34579113791344,40.94001180891567
666,0.1656108050935273,0.43340606393855224,-0.0743867332122589,3.247672366394266,5.288376910306126,41.63526909040149
667,0.16632668196353464,0.43356194278556737,-0.07448581785302016,3.442814694147169,5.427030975707985,41.70686934574016
668,0.1654903763971611,0.43446710134775446,-0.07477111055902899,3.3085395780344107,5.255770512507522,41.63846060435802
669,0.16575258774592735,0.4347963961210054,-0.07484268738689052,2.55107828541744,4.463239821958111,40.98028705494586
670,0.1644506100230177,0.4272388072758895,-0.07566527317680093,1.8072289482577417,5.136348787592769,41.028510144373094
671,0.16554193515934212,0.43582766142118917,-0.07314498822831914,1.6179553232554347,5.2433170986950675,40.224634743269064
672,0.1600141052858272,0.44667884429866894,-0.08712416558766194,2.9014796650216788,7.074518695084405,41.41232943064874
674,0.15933784711949966,0.43794884158449743,-0.08573707200358928,1.9971489982581878,5.906739848458071,40.690831441309555
675,0.16563449640456518,0.4458554986988265,-0.07627402181197603,3.938433030509415,3.704451859823864,40.30600198944387
676,0.16459229055638022,0.4388530020583241,-0.07497997778565166,1.098135319998535,4.253000509914146,40.29613024335319
677,0.15878231094038447,0.44007073020442306,-0.08218699785380568,4.158749713801572,5.933514231400673,41.48299579002493
678,0.1646569104532235,0.44016886770963853,-0.07335451389954711,1.1593162645727906,4.220543029013526,40.29797016133374
679,0.16319235296543097,0.4312660760321244,-0.07384302816398124,2.5284997802544353,5.746519377284292,41.63137085005218
680,0.16363647856980082,0.4319267913586718,-0.07587779389979439,0.8847425340124667,5.672550477191985,40.91782198244485
681,0.16493282370726084,0.4484727999726029,-0.08017192841847479,2.9658074521826028,4.470929486988541,40.26443691790435
687,0.16622420995426612,0.44514568592347686,-0.07981038845189753,2.103842036762153,4.811381553426595,40.900641721871445
688,0.1664894154093486,0.4452886858611502,-0.07629316639604727,50.134696946631365,-32.908055728475674,22.391239854690504
689,0.16715121433426233,0.4444850960600934,-0.07832786250110584,3.5662375055513733,6.7544139163843315,41.594177520221756
690,0.16701726271134834,0.44611785794310355,-0.07645896954537736,1.7541871161703992,6.491439876055641,40.776385140490554
697,0.16702126138659082,0.4499667944901505,-0.07668713777117075,2.7626522173681134,7.334832725324594,41.51921055831645
702,0.16699450763317147,0.4621170888956869,-0.07825790699112625,2.095465315145483,6.582744601156374,40.79369874399945
703,0.1670013424538783,0.46262571332124125,-0.07832453775955331,3.234452412345115,5.694524609568515,40.85761162068628
705,0.16569920851060238,0.4548445647624009,-0.07792100361244121,1.5235880605019252,5.453215952880378,40.88097275048881
709,0.16626836127664987,0.4650043233401762,-0.07855183750260095,2.629406422080688,4.806423653724134,40.92279258995241
711,0.16664397194182018,0.4704344054695298,-0.08005571227738603,5.855282217202904,7.229413112552308,41.72890699751391
713,0.16674533173603254,0.4659216539304589,-0.07872321679766868,3.410706897565383,5.602154759145889,40.868215256342246
714,0.16656231938394492,0.4669006734385635,-0.08100637304474256,2.536747566406206,4.568259434753302,40.828330389019804
715,0.16715052150293438,0.4661108849588622,-0.08095726847374454,4.744134962907883,4.941569605147177,41.01294448842579
719,0.16760268903440353,0.4689523592939625,-0.08245443577459566,3.5593672200924065,5.4604323992463835,40.84513138959684
724,0.16200643172796983,0.4832188184256645,-0.08843676349444647,3.0480272067031033,7.1661672583858,40.53193951073654
725,0.16780282835660396,0.4821691142930545,-0.08354467313987325,3.725524710988656,5.659977588532489,40.85544498412156
726,0.161274097977499,0.4745938136327513,-0.09144329937915535,3.9679162590867043,7.870345606083846,41.32495492931039
727,0.16625120145709424,0.47489495593819503,-0.08241408054560795,1.1175675063074169,6.162091939216879,40.093309700103624
728,0.16635818410343056,0.4763976213355148,-0.08003740745148631,1.175302561899058,6.131631146222525,40.0968546295193
729,0.1657573463242429,0.4777346234044745,-0.08448142051423498,1.082176697818605,5.869592629297901,40.73806530957301
730,0.16581747944933922,0.4782122210689098,-0.08021284637810347,1.9102285690157004,6.883503640937868,40.76817969210483
738,0.17092316277676523,0.49902464610929254,-0.07294239137432117,1.698314113215499,2.3877869701972054,39.967891241747346
741,0.1665149250897016,0.4929140459142541,-0.07840405969892057,52.12484737533035,-33.69971252189666,20.800539045710565
742,0.16564801768902487,0.4836566969769505,-0.08174974607857523,1.3255786784761328,5.8002443548334925,40.76820545739437
744,0.16627736819325808,0.4846289226588094,-0.07736823023338732,3.2012549824902354,5.85646671191887,41.560004499665716
745,0.16653325779095887,0.49341092734302344,-0.08803615142140828,3.0374669094550053,5.877922611593086,41.44802101920855
746,0.167656395787391,0.49480325710583667,-0.08065915597562223,2.34833995699259,5.130238313397303,40.77658989477549
747,0.1673357911160339,0.48519660740104475,-0.0794379579245442,2.133163763223189,6.633265575684264,41.464668617713464
748,0.1679948850444427,0.4948302219580007,-0.08370745170945915,52.091968714501476,-33.9691975795699,20.597924223399033
750,0.16880960736122635,0.4958100995334577,-0.07900965379865181,3.0196701807945043,5.896674991541821,41.43435621525009
751,0.16802003496651863,0.49559733436106324,-0.08157670429553218,3.112417475504758,5.915793449816086,40.72083284187095
752,0.16843229700963516,0.4966122921501075,-0.08175198462163256,3.075806260524507,5.866162099955917,41.43795124222053
753,0.1679189520232307,0.49620813789135015,-0.08164010420457393,2.073001142377218,6.746878271849422,40.658451387117196
754,0.16798331911803233,0.5064799325838082,-0.08771302073065748,3.1920220512203703,6.072821344255562,40.70005886316652
755,0.16731219961942287,0.4874796003900286,-0.0850346563047645,0.5625673148124459,6.464173975120969,39.949126307465846
756,0.1675464011618436,0.4981782705299296,-0.08376648151014983,2.1851367459241597,6.686821842597933,40.66676584268294
757,0.1682102505347305,0.5096738661119493,-0.08821622325582405,0.714099500622104,5.096465800269105,39.94370789269951
758,0.16714213630587382,0.49920803059942964,-0.08664974681470888,53.762503251646706,-35.129067987566,18.456479436739805
760,0.16755251310647917,0.5107876531639428,-0.08830372261320397,3.3721985912316006,6.0518515946099845,40.733294450599516
762,0.16673019144903542,0.5125932912496165,-0.08554900944218574,2.818224180385141,5.216798418838598,40.0685976007637
765,0.16730472042542988,0.5244917470714358,-0.08637091984194786,2.891529122774374,5.368423518260643,40.03720804659655
769,0.16500044757764695,0.5064074550707871,-0.08743197354272485,1.2010857378802617,6.603148392543561,40.064774265301395
775,0.16692848878787572,0.5207426853216376,-0.0900268074013123,1.929487816370906,5.601440357635956,40.65247795752362
776,0.1675525221936404,0.5201310715950748,-0.08662253853626162,2.089624380740258,5.849286228663009,40.00416417491748
777,0.1671855183908264,0.520888215010803,-0.08667946747179678,2.800071217738477,6.551731558058432,40.68372630834913
778,0.16780134008768863,0.521626870478689,-0.08477131689492035,2.1828770512841076,5.734582596115787,39.99104985088392
779,0.16680575573502893,0.5210689479669293,-0.09266073517171393,1.182013437250432,6.5641377725907155,39.93158421406331
780,0.16707045906228282,0.5217488989855239,-0.09175862593256003,2.238256794846705,5.705659088976696,39.99434617132242
782,0.16748110478119188,0.52315490438036,-0.08621720959991097,1.2371668892663514,6.5349822867551595,39.93539375614298
783,0.1671060047982094,0.5241001279818497,-0.0913137455664612,1.4436445609585744,4.713996259891866,39.97577800569598
784,0.16775913958698685,0.5354927517059956,-0.08784586086487563,2.09367351487425,5.700595191368819,40.63372849130287
785,0.1675877416705137,0.5343721717951678,-0.08768183293789965,3.997364572606638,5.918026938651584,40.748530534193165
786,0.1665807457143504,0.5261182682231268,-0.08439073096364184,2.3280579724646313,5.631547443452837,40.758033023674386
787,0.16067291486840482,0.5361640045219779,-0.09533060641329694,3.3903725479314724,7.516100458795225,40.430865738938714
788,0.1661073472840829,0.5278078766262907,-0.08454326285279953,0.6396826105622256,5.4879412878403615,39.95846907559317
789,0.1667856500584605,0.5379810759985336,-0.08587628952178569,1.576170914695519,4.883137210372554,39.977370629472965
793,0.16055101028463178,0.5501272160415761,-0.09169650005940025,4.593546082073607,6.890232760071374,40.48926587799065
795,0.15862879685816494,0.5407904037579399,-0.0941584144223269,3.8538752206312887,7.503762869897302,40.55385013542724
797,0.16329321560785362,0.540042836211715,-0.0932664303573862,2.5175224718892175,5.683368286257888,39.987057714800784
801,0.1582377343479617,0.5436926667210474,-0.09374168465889503,5.03782231728605,6.64694253319156,40.60885966723969
805,0.15874664935773947,0.5466247085912047,-0.09419420531553566,3.944395162219586,7.217922594220232,40.46982887187405
806,0.15794728699650093,0.5444311014309305,-0.09767315988109301,4.719561527803466,8.293224057888935,40.55079959624874
808,0.15834209026755866,0.5459603647404834,-0.09484613007358265,4.773269968622312,8.264857992311251,40.55422742711267
810,0.15853468174066113,0.5489243977055699,-0.09445507196148059,4.052447576888908,7.160989062386021,40.474710919533194
811,0.1574736023759413,0.5486741412256851,-0.10042335703083065,3.0450432705585846,8.000593077706672,40.44056739262515
812,0.15850737754594485,0.5481432990145718,-0.0951519295944693,3.183515097246582,8.25709130451948,39.78612653864538
813,0.15801892782001375,0.5488829483423107,-0.0951700883997572,3.859121813688488,9.003680991972068,40.50772115991909
814,0.1713926153102722,0.5463797122221209,-0.08812266652254076,-1.5572724641650082,4.941449642887484,37.936034500910615
815,0.1711745383238584,0.5458524076873293,-0.0934537578199062,0.7447303308968326,5.865002139893393,39.42203143623936
819,0.16968029151687267,0.5496278473399091,-0.08844725979085383,-1.3713316943492393,4.905032397133143,37.9811836587664
825,0.1696907182035342,0.5739188935796627,-0.09541256251873956,0.49582544995507327,3.573365098628545,37.987111039761736
827,0.17155147152954972,0.5556217371042395,-0.07004722890065185,0.6013652224507292,1.645623039481088,37.85214933615074
828,0.17163687977660633,0.5566559676592939,-0.06673992453655363,-0.2973894864856939,2.4366624064588347,37.79944418000659
829,0.17187036060450528,0.5554770596962207,-0.06999128670699359,1.1896669625925664,4.2359730759803185,38.53827652156784
830,0.1551651629129013,0.5678655815372426,-0.1022085158158969,4.505657366528905,7.409678102673589,39.79981712828077
835,0.15570305609119447,0.5700225399299561,-0.10050984023758609,2.9312619077075888,7.365501997731131,39.02202506890492
836,0.15543333589283745,0.5697504238934075,-0.10240283726143755,2.9312619077075888,7.365501997731131,39.02202506890492
839,0.15563358453239048,0.5704805405448697,-0.09918719662337713,2.808223868680135,9.088822953469696,39.01877813167508
841,0.15553584158751707,0.571000156479563,-0.09924245170113281,3.8226368716616386,8.339956253503786,39.0948892394576
842,0.16209547572350447,0.57091974578961,-0.09515840327114716,2.7057552116286625,6.512359245149141,38.55738336323027
843,0.1623431097113217,0.5712073333192923,-0.09244651394768803,2.6796699361967313,6.5897784553065915,38.57631333991869
844,0.16177913143062173,0.5715568685139489,-0.09768484820406574,2.7324744318508007,6.563066103725808,38.580125181595335
845,0.16120738648207555,0.5743364863495791,-0.09554180639377007,1.8613381566844138,5.419422444364276,38.47950404578705
846,0.16179373910430206,0.5848265312234954,-0.09438537052532303,2.6157794987508725,6.648145606773315,38.46439877354118
847,0.1602193299672591,0.5737356291550415,-0.09785537440317617,2.8872371485573627,6.475219216941118,38.6021887527286
849,0.15362736599415328,0.5884275286329493,-0.10129632278349683,1.478184949599287,7.460383803815826,38.207173036763656
850,0.15234338219715174,0.5870585253436891,-0.10704036462565697,3.9380285051089734,8.362491383481665,39.028280484884554
851,0.15204609422933457,0.5775409218433311,-0.10321100120197388,1.743127954373912,7.361747537419767,38.36550976369385
855,0.15107570450731866,0.5807341336885506,-0.10349062700494605,0.013899256894557784,7.12795070630484,38.26844531306777
857,0.15709735811811304,0.5808191252122524,-0.10009644501238082,1.293307041391287,6.10814387528004,38.501584922152546
859,0.15064510658138805,0.5818572730863738,-0.10684445668901697,3.2271024472722654,8.711534874441414,39.805000685956514
862,0.15777379998649615,0.5825527807528078,-0.09724384066249894,-0.1872633791750441,6.17197159466548,37.76637135039176
863,0.1508167312782151,0.5841713808560018,-0.10721304047570045,2.7039941680008335,7.9249754623848725,39.09042889303451
864,0.15812893862410632,0.5841013390593816,-0.09475444529228907,-0.13461079956622815,6.1454438638822495,37.769341494356375
865,0.15184579681573293,0.5862219405292876,-0.09877500345756489,1.7936225495090712,8.659689313977864,39.03112949260073
866,0.1580559339385949,0.5852539115081843,-0.09490581465045074,-0.08204915079500023,6.118964280003005,37.772292487523
867,0.15925499935763188,0.5968596172351536,-0.098579990853618,1.3596739207656945,6.2499226424816765,38.42962119337674
868,0.15151997598877492,0.5967774012073435,-0.10640538155506035,2.6283219399647844,8.06144900106648,38.20309929890349
869,0.15190863607240268,0.5988129858226927,-0.10618620687687483,2.602110382984551,7.949655873061253,38.946467715592625
871,0.1526086746720377,0.5977752667750735,-0.10239871322136875,4.749647356423794,6.591225862057099,38.356634327782295
872,0.15187542565783127,0.5877953733386097,-0.10416647808756299,2.915563365215199,7.886901538594525,38.332485805721205
873,0.15117820102874782,0.5873684708379001,-0.10481189181354754,1.2334766676525428,7.905051619064849,37.53710814759132
878,0.14955317274076585,0.6002414535254929,-0.10864409458170286,3.0544090690629715,8.230698144774221,37.58526043599671
879,0.14903587709618432,0.6008657076772249,-0.10608883477470937,3.2160867962072848,8.347410768677937,37.67426127672178
880,0.14836606904889435,0.6010485856073651,-0.1086113957342322,0.7353925767454523,7.4165760879968285,36.83005737916493
882,0.1484862425793459,0.6026732169351415,-0.1062722868447954,0.7880054733485072,7.391557352685799,36.83205569007564
883,0.14826175109218032,0.6143920596310202,-0.10791565363832284,4.094030098682053,7.674441068303665,37.60178203826328
887,0.14816930400287467,0.6169267398744027,-0.10826513163246643,3.3107125580992256,6.6976886833141425,37.548010070183665
888,0.14780853693774026,0.6170244518322601,-0.11129192453107058,2.376161469323,7.475127786432779,37.508022082372605
895,0.1488511861436597,0.6206714538603043,-0.1013937311323907,3.336306021662592,8.322928210884093,37.55561861779449
903,0.14718288556240217,0.6363395398529768,-0.11102919119068998,0.9120090913510024,7.5777823217006075,36.6285996715006
905,0.14589965938170457,0.6470542475086178,-0.11554508251668884,4.327829882502151,7.9774520173770025,36.66321292766268
907,0.14459711305235853,0.6350429826488359,-0.11357987560216241,2.845683098883948,7.80110582589733,35.99135065159746
908,0.1452258413806127,0.6497990239586646,-0.11068434689535073,1.9549956527534278,7.083439165049317,35.85101854404169
923,0.1533398549542165,0.6582741421713996,-0.10743587636009005,1.8164584770481198,5.893165817421432,36.09858810970994
924,0.15178635697778847,0.6442938731533298,-0.1072802935185289,0.37416676435509677,5.771870602899391,35.45453576717564
925,0.15222329037618207,0.6463308243484911,-0.10801602443366358,2.100239043213641,5.7149849960543655,36.26560914922416
926,0.1530667999904055,0.6591335151476557,-0.10995635935074317,1.866912716871034,5.869417455961228,36.10141195119717
927,0.15213437072255018,0.6452267653852011,-0.10784721230813868,1.9361360887882844,7.434038942415731,36.23741317776406
928,0.15375494056100253,0.6597101152185777,-0.10239124290266487,2.716902206277772,6.786825987050802,36.137995711909426
929,0.15319070830955048,0.6590427447690504,-0.10753328335410198,2.716902206277772,6.786825987050802,36.137995711909426
930,0.15211664563657207,0.6490040096846179,-0.10082402539756137,0.5413191708278245,5.644374494906732,35.44427351982538
931,0.14436479148371015,0.6485115183214464,-0.10798436742996297,2.419015868971857,8.378930153577125,35.98325090373662
933,0.1436410245655747,0.6732492750361617,-0.11532659496130927,2.465697328320643,7.222235169173819,35.015305345626736
935,0.14224166292493318,0.6734949449892118,-0.11861070490905017,2.3805822115794135,7.135580126390262,34.96844271805606
943,0.1480076453323376,0.6615832929404752,-0.10606245261824447,1.5269273947975084,6.965656440915699,34.70400458380172
944,0.1483823928165635,0.664255626974645,-0.10238788637159739,1.7092112322486084,5.212588988355052,34.728298321537345
945,0.1482694787080517,0.6633713489620129,-0.10226090985070714,1.57718738107762,6.942797018525978,34.707526133660636
946,0.1485213446470372,0.6757538257390584,-0.10389245755693004,67.23384037280968,-30.719108077884393,9.130981962568153
948,0.1481048610062738,0.6650499586527114,-0.10696959170520098,0.2822780519346274,5.238833280822082,33.96331145071345
949,0.14851960631267752,0.6655796502563393,-0.10708437257192288,1.8049239758432916,6.96012085524919,34.762477827270466
950,0.14903581892301246,0.6648217462997645,-0.10253322320111469,0.034946696606544765,6.875755298101151,33.85800326156322
951,0.14918936384400197,0.6665011349926334,-0.10727889328469403,1.7075548330091634,6.834926475220605,34.684458422223805
952,0.1497131695446783,0.6679222736792638,-0.1010114091797934,0.793439734545057,7.61224026735828,34.61983249049904
953,0.1497145070904934,0.6686511658631703,-0.10110497697576215,1.7574770483622553,6.81231217579194,34.68792486875489
954,0.14910582740383815,0.6695708524414977,-0.10769617176848423,0.0866069225403954,6.659232065005983,34.59986567802896
955,0.14935564635694912,0.6695968422230122,-0.1031869455768893,1.8073039586167892,6.789733269268141,34.6913731556553
956,0.14127590562572512,0.6700332969031454,-0.11496983422268767,0.5832277422715623,7.766747581831786,34.388518793267195
958,0.15016403227246997,0.6819333887134676,-0.10951567267189945,1.0186235470025267,6.213236347564528,33.774154550706974
959,0.14885770343966945,0.6712848264175093,-0.10790907553764417,1.9066718459532577,6.74468145231925,34.69821545174479
960,0.14999826922221582,0.6987898806953794,-0.11183624146904447,2.5971420885974856,6.293279472139721,34.438827667621155
961,0.16177192469533597,0.6746062149722498,-0.07775051990400399,1.099268547590853,2.9061983906046422,33.96389844915702
962,0.13984733951355413,0.6717274269771554,-0.1187873602314682,0.5209375085184502,9.28231323020897,34.31492005862249
963,0.1397327169462694,0.6977926472228582,-0.12190577567708126,70.11441765635328,-27.91480860977971,8.316014889735632
964,0.13973162272791292,0.6742872941269943,-0.11075687926837008,1.5802635875772064,8.63112825654364,34.46691301154745
965,0.1387781495258429,0.6977937524771021,-0.12257158100713618,3.8004025758346223,8.303273609277014,34.23559803629694
966,0.13963556288195347,0.6882708651177458,-0.10847424687504,2.3041423008706827,8.021022530700884,34.3487062615514
967,0.13850655690159625,0.7015313488878527,-0.1190360922797546,3.203265544566724,7.378730901249757,34.241462095061436
968,0.1454346096934323,0.677582838480961,-0.10838345947791775,0.47609338018161834,6.578855896846639,34.68857342036565
969,0.1376314863806555,0.6768146226881792,-0.11538664689787956,0.9265403834315051,7.71293058524855,34.4694010014321
970,0.13675062774050922,0.6774446454303212,-0.11535687701250308,0.8551525892305439,7.6357825251512255,34.42796847675034
971,0.14592128962920553,0.6998397468481198,-0.11477166184347805,0.5232633344744327,5.60183715238251,32.939436812172644
972,0.14641845079525517,0.7060489341363703,-0.11242515986685742,2.0642895577228497,5.324017653303032,34.482582657905496
973,0.1377382288415062,0.7021844197412325,-0.1190249140711852,1.5901277224054027,7.412799034560983,33.423549554248524
974,0.13820019153283775,0.7043965072251968,-0.11955029057044633,2.36180030466306,8.166033943621741,34.21951199294285
975,0.13817001911913301,0.6911396041268716,-0.11750600765689705,1.5585467120952818,8.699524930338704,34.29742799418508
976,0.13732956644582905,0.6929218693394954,-0.11764631458730691,0.7117622060492993,7.706409618863052,34.22146326301856
977,0.13762139596945444,0.7038483746665711,-0.1192467045017911,0.7560336876272287,8.160612858168742,33.37487290163896
978,0.1376470908619426,0.6942746612696825,-0.11802674953246503,3.1793773515340744,8.613269198084048,35.116342745501804
979,0.14694904904438807,0.7057729616635888,-0.10421716830535002,-0.14146559220921603,4.60894696599766,32.92653889253523
980,0.14732851235095118,0.7069016601909214,-0.10440081036580973,70.50594930412049,-30.024797800071465,7.711241181023035
981,0.1464467853770628,0.7048186879915627,-0.1155406512805374,71.22399942739585,-28.736008514061748,9.256489285595961
982,0.14599855837565062,0.6947536528365276,-0.114043071306556,-0.12042921233840342,5.948709100202065,33.795994038487
983,0.14646030309994146,0.6817834294225584,-0.10444627513946875,-2.2648830616377698,6.571016373664989,33.10466917628161
984,0.1478584259943083,0.7072750906951621,-0.10790206310475668,0.7546876700808034,5.458895412829649,32.9179166659615
985,0.1487857110508901,0.7083121809099155,-0.10386247012664811,2.273086288889904,7.197011741047089,33.75052449450557
986,0.1481783805313261,0.7108987492551911,-0.10206115900730707,1.4208927046512096,6.14421909275364,33.65683942639932
988,0.13918256584785135,0.711965016962986,-0.12076665481650783,2.637693417060533,7.999100546867998,34.2005957649765
989,0.1383010977743269,0.7110081398940632,-0.12036179797265686,3.34486335354725,8.833387708761423,34.20247339811404
990,0.14585821022227147,0.698950086847658,-0.11138581572027237,0.8567644735868825,6.730693668751046,33.81137284544756
991,0.13811779581252642,0.6992284885831734,-0.11442867734579998,0.42232540740536256,8.661023144437978,33.54109293877384
992,0.13731125449429574,0.6993766836726951,-0.11433152241343665,1.213064909836837,7.80283014108262,33.53979113595736
993,0.1456691686350015,0.7087184265279943,-0.11286784604027178,0.2658707656895052,6.414634223699967,32.19731749624363
994,0.14390364890309756,0.6974398801711853,-0.11112665291147222,-1.1814541535738403,6.07786757637792,32.31600305967983
996,0.14406759205375755,0.7015650389071834,-0.10336017915672147,0.3089661276954609,5.969890755683074,33.088800147558125
997,0.1444781237366883,0.7140000261628306,-0.10403950790056672,0.9755787295714448,7.103857784508186,32.9660280488728
998,0.1449562483233913,0.7300747642025934,-0.10605052257447842,1.039883498116362,5.59797797999591,32.846603555681845
999,0.14382282842375393,0.7129439855616773,-0.10383289990437347,0.3124732514584789,6.34163565630663,32.19811936956316
1000,0.1443975901573501,0.7165911109867058,-0.10434484504157361,0.2493888822896053,6.206269306518755,32.95991360368342
1001,0.14485399611386568,0.7323929440780271,-0.10520326763332774,0.26169428601023126,4.694871277762859,32.84167064938369
1002,0.14328329296669887,0.7282007762213996,-0.11315050418508231,-0.5392064425110624,5.667229667504171,32.03796792009248
1003,0.1446246550508532,0.7325074112244153,-0.10723769364495978,1.1377530725953744,5.557075506405107,32.85107787253837
1004,0.1430652834210636,0.7245735793637921,-0.11808480505180505,74.08512892205967,-27.37344829525136,7.60909422395927
1005,0.14464884325294766,0.7338644364469162,-0.10647446218901391,1.186550401600497,5.536678755919657,32.853293492887914
1006,0.14329516719093532,0.7189653707533841,-0.11390278726532273,0.39639013162062026,6.143985413866532,32.96780982626067
1007,0.1437393561717688,0.7310765071307044,-0.1156249178609466,-0.3227743079160604,5.676115878927694,32.08127310451164
1009,0.14322466656107313,0.7183972848234168,-0.11381705183331423,2.121587215197238,6.263817157374513,33.055555185998124
1011,0.14314013007557452,0.7196202320040189,-0.11397803338736827,2.169805703980825,6.243293195073003,33.05842400221228
1012,0.14446830784940645,0.7459879039830983,-0.11860698620800639,1.223855449327879,5.863326212902946,31.90907739703849
1013,0.1434201242333515,0.719376269573018,-0.11397218224852446,-0.11135130092690923,5.432532145657778,32.25032799664498
1014,0.14531655612576205,0.7501695798780663,-0.10949494896335035,1.886767772633383,6.558132136027509,32.670898782436744
1015,0.14251243402845132,0.7204023220666163,-0.11402372955816024,-1.0189548040894492,6.118020063807588,32.152786718595
1016,0.14332298961234008,0.7210481822385928,-0.11419410311082759,-0.9069660052242617,6.164964662508612,32.19071497525231
1017,0.14399043744161702,0.7518498676742515,-0.11937315713741284,1.1300126511005737,5.627533324858183,32.649925283223844
1018,0.14336706231203797,0.7491011229294001,-0.1189267644971316,1.246175472254086,5.753128323714439,31.87434212218702
1019,0.14302113473219996,0.7507869856312998,-0.11912567509927376,72.53896910830233,-29.159793105822754,5.947570941004443
1020,0.14324279692161399,0.7377055382302062,-0.10854967923039233,-0.19421050385246824,5.528054494213409,32.05274167736701
1022,0.14223354556669432,0.7456523045225639,-0.11749385971882388,-0.808914650425994,5.23622417313668,30.403512835302426
1024,0.14088646895417725,0.7226750238219575,-0.11417628945976843,-1.398264764326313,5.435689497463365,31.49197015734997
1026,0.13257404715576274,0.7569171993147628,-0.12978811096601534,2.3493906429399383,7.421024895709161,33.172802580453556
1027,0.13250260962473037,0.7566872879794531,-0.12974467394030528,3.2041372841179587,8.309113555374607,33.219165775188664
1028,0.14107414888765063,0.753943343067811,-0.12214879107036172,0.5570988641529716,6.529199364196719,31.87429294479324
1029,0.1405732793495666,0.750521856482255,-0.12160738742516954,1.5690335234254764,5.841467985737188,31.14707681977928
1030,0.1407479493150406,0.7433529428357322,-0.1205865282600997,1.5647811320530294,7.067569868132263,32.88915770642039
1031,0.1414827158723889,0.7585784923563613,-0.12285720360606273,2.2874263511337145,6.433189878193633,32.728151471639684
1032,0.14121799384390155,0.7577927464014743,-0.11907435554216005,1.6011605347965312,5.654999034052308,31.923810134122757
1033,0.14116627848982435,0.7576505274346771,-0.11904949183383638,74.67809058670815,-28.52702349149412,5.18252953568918
1034,0.140811593200969,0.7433898706935934,-0.12059777251820114,-0.04980557396779351,6.991858740620599,31.981458814443457
1035,0.14121809969597376,0.7604103748425352,-0.12309766424799384,74.51193295205945,-29.427216598169647,4.581180269772757
1036,0.14068789821632266,0.7596282828131586,-0.12293535624226877,74.83320185358305,-28.540735177453072,5.087417337870486
1037,0.13193289144117384,0.7622593524046382,-0.13050104227315917,74.60736315279992,-27.3415257069724,4.891023336102411
1038,0.13293092738799733,0.7510022447463286,-0.12895327047255878,1.1061205586397662,8.645885207107158,33.28225820317524
1040,0.14329820839529575,0.7778460823229364,-0.11653991446575077,0.7094411157961192,6.594729193673376,31.681180950953554
1044,0.1347915591975551,0.7801598527706484,-0.12031146188265601,1.7357444223262155,8.428729627628838,32.17864204987695
1046,0.14372749719400502,0.7664147143582829,-0.11130960878418748,2.385362392017101,7.975387876902132,32.69464050608034
1047,0.1420688441918188,0.7792697414066452,-0.125904764648386,0.8052028791047641,6.555935688007638,31.687086705687687
1048,0.13273347081638756,0.7655721106868065,-0.13109745821498453,2.847612173858857,7.40763449158411,32.40523206763357
1049,0.1425076580788492,0.7827785339638024,-0.12645304304091898,2.4920753299098264,6.532445491718566,32.575283482813155
1050,0.1411502711040522,0.7514009619048648,-0.1217880687018289,0.3493492610015594,6.919249890395574,32.040037443129116
1053,0.13146911420189183,0.7794555566203316,-0.13091004671090492,76.41649328677525,-25.126564732828193,6.4637349479271204
1054,0.1323318964486056,0.7835482190610727,-0.12220067698636096,74.3646490390173,-26.153886233897527,5.792102266599921
1055,0.13313194441047896,0.7852003169546014,-0.12253079939497573,2.972747931329543,7.67146192561415,32.31757384616692
1056,0.13136047510497773,0.7813030613714796,-0.13116930507052216,1.3141525912365657,7.720312396186695,31.45445803581499
1057,0.1321980055906192,0.7858267906008598,-0.12248389609659423,2.8969538975587885,7.602716118101264,32.276060730822614
1058,0.13095276575862866,0.7570886640332973,-0.1205575858809419,1.501803536761625,8.742771781118483,32.584635461794086
1059,0.1308359923234117,0.7858870774139763,-0.13178161931566768,2.9440606222166394,7.583709589944679,32.27809822055071
1060,0.13033293933899795,0.7697961856043759,-0.12934762023877946,3.0706446212997287,9.094476917440632,32.52022329184392
1061,0.1319904501715677,0.771223047497595,-0.1205204829721778,2.040345973324213,9.777774748587301,32.390663295144684
1062,0.1408799398580018,0.7734848543896444,-0.11363414212244094,0.3513611181233664,6.996644456440887,31.841848691684422
1063,0.13220102573968326,0.771884796206463,-0.12063743105646918,0.7286131267619551,8.24413966396433,31.61280835801568
1064,0.13165647305382314,0.77232067809895,-0.12546884068621358,0.7750020867278206,8.183589387222058,31.59446663855855
1065,0.1312198646039732,0.7716548140932836,-0.12972940990635431,0.7764370830805032,8.225273230043134,31.615161758395516
1066,0.13252755882636041,0.7868664396827696,-0.12477546554309382,2.20659160193602,8.47226825322459,31.44331710883045
1067,0.13278596763750797,0.7889025939862436,-0.12297311884767341,0.5560076628284387,8.350328653726828,31.359459885367077
1068,0.1327188346771447,0.7884142121903046,-0.12289908647301076,2.25385944821499,8.453697351396281,31.446025427077977
1069,0.13268293929342292,0.790182533482535,-0.12312834229693694,0.6038246282134089,8.331668010881094,31.36191687915235
1070,0.13116051232550252,0.7904446391255583,-0.13249312635351362,2.915713118398792,9.110597362100927,32.2302300891412
1071,0.13147959358065223,0.7900923822927132,-0.13247992514405904,0.6515568476633712,8.313036664650655,31.364360127284606
1072,0.1325252502565265,0.7901073077777075,-0.12309644588963779,1.4194576074061003,9.215471535528371,31.404138036402415
1073,0.13140996141672906,0.7909661617236187,-0.132600325441985,1.5606467638142676,7.538894069691672,31.41916741983314
1074,0.13111257901635714,0.7625585784441689,-0.12837496617465038,-0.5480424169938918,9.368515165323341,31.67434504522416
1075,0.1307862633040965,0.7809922650642174,-0.12657268395398802,1.621430019065057,8.771961795551078,32.38227178953789
1076,0.13076543181737466,0.7813515789166967,-0.12662039949348608,0.76494595533034,9.492029361267079,32.31185060469731
1077,0.12975409834818677,0.7928908956632142,-0.13020438239605595,0.7669356758326761,8.351719184813986,31.423929499138147
1078,0.13012907478820876,0.7970798144409247,-0.13154498773986126,1.5322481665972716,8.981653913503568,32.208577824169126
1079,0.13011066894513107,0.815101193857465,-0.1334017782541027,1.5341638179276211,7.520957558394467,32.04168795077072
1080,0.13006538003231513,0.8137642704632871,-0.13320604500992678,2.3317454637458606,8.449162679263301,32.09423736373101
1081,0.13035752992745686,0.8265238829654783,-0.12976756170651316,76.38125408371587,-24.912558352338436,5.27455433149862
1082,0.13035752992745686,0.8265238829654783,-0.12976756170651316,76.38125408371587,-24.912558352338436,5.27455433149862
1083,0.1299833363339603,0.8315598942465298,-0.1303870475105996,4.036372826715841,6.980824978358069,31.9397913552326
1084,0.13024271792889952,0.8302221302990034,-0.13024592592428913,1.6039120158863034,6.205143958491823,31.072169672169956
1085,0.12775126525429265,0.7961883009759151,-0.1351041614384529,78.37912785813045,-25.489760238565726,4.031026794114726
1086,0.15242695145592539,0.8093452013679849,-0.09971872285682631,79.43794115146575,-28.94752629098907,3.3481364768365864
1088,0.12709359491111993,0.7981274450528932,-0.13992669960728105,1.127532996475882,8.295280343489823,31.48703782841938
1090,0.13687974027837418,0.7989322638086118,-0.13240462234672337,0.2188831164461372,6.411773182641765,31.00045235670656
1091,0.13947158219900685,0.8172086974881754,-0.11992125718185617,0.8729967655310696,5.781087378754907,30.803502120017892
1092,0.13896880185580204,0.830656522369497,-0.13392587934955433,2.365974255020273,6.031430405728078,30.62503792252955
1093,0.14144815327941773,0.8369001470060777,-0.1226245574620669,2.292421108920549,5.860659722912622,31.421057874951916
1094,0.13122215825807326,0.8351291057682941,-0.13193219307851117,1.7107734314518075,7.865454593857263,31.077814186295647
1095,0.14069416844004434,0.834989976846562,-0.12793967396299,1.715510000776288,5.149799280305281,30.63306013463098
1096,0.15626965713842167,0.836035078544055,-0.09762500973103135,0.9536719921093343,3.0176205869723134,29.879365108976764
1097,0.13072090183722132,0.8368816544354662,-0.13551759903259356,2.70243340604843,7.003442425997812,31.10112222378226
1098,0.1560198063995064,0.8339452323979888,-0.09179158904000313,0.31815497792625164,2.2959484172384736,29.07972925215037
1099,0.14044576840301679,0.8360872800772805,-0.12805370602620117,2.622348458919772,6.024345718418865,30.67414798494519
1100,0.14071176806204888,0.8383995559586285,-0.12498032983868544,0.9092186313486096,5.895823000713583,30.58330500733542
1101,0.1412722391590703,0.8385892099219727,-0.12280993438983093,0.9092186313486096,5.895823000713583,30.58330500733542
1102,0.13961766317228047,0.8242035749525963,-0.13554951254211103,0.865398571356734,7.172790886746596,31.537990035631818
1103,0.13890880937697747,0.8220425996344861,-0.13602753567271808,0.21884434438401487,6.4129654051557,30.7186303536176
1104,0.12942712583759816,0.8215837094433774,-0.13988727163883422,1.9333403083873448,9.187865553975447,31.254708405747024
1105,0.13056635786751108,0.8258984763505867,-0.13059278011652994,1.2116798441992687,8.264337541068011,31.208801516826163
1106,0.13121962932845113,0.8266552199460125,-0.12569553184380824,1.2146463136576318,8.304039078207758,31.229822473670055
1108,0.1311631930582921,0.8264316779245746,-0.1251489514124919,2.025711534626122,9.150980059790369,31.26094805742158
1110,0.13830914914618325,0.8256630490540872,-0.13313761210208308,0.25197880089299046,6.31780390868392,30.68989957685183
1111,0.1289473441567594,0.8256389560621901,-0.13473593089819008,1.9635303497411454,9.091183791443964,31.22465625758505
1112,0.1290712323237943,0.8384926148597677,-0.1376974827304193,2.0893670173835988,7.923827197163196,30.29942780939836
1113,0.1532851949963999,0.8098301580288123,-0.09638429018190282,-1.5483666793164124,4.122816208687209,29.394431212665356
1114,0.12884351398598026,0.8269213468381974,-0.134903469585626,2.0095742054313726,9.072834498064672,31.227710569704893
1115,0.12777861027841242,0.8211757706556877,-0.13466722344935522,-0.02724173562692287,8.571231695106956,29.66338626559004
1117,0.12827166037703547,0.8260467006068809,-0.13470100481199224,1.5771694486572996,8.484800803925467,30.525538136480673
1118,0.12805851134447124,0.8275640260363318,-0.13575931216293494,-0.03538898738596239,8.380797581099442,30.450147681726616
1119,0.12882401911937977,0.8590132433422881,-0.1394500409647932,2.082184978495648,8.102128609039243,30.09513670637168
1120,0.12853594434441368,0.8477854074890094,-0.13781888451467111,2.9963449140950935,6.803381576545496,31.074335307703073
1121,0.1284671153464663,0.8466278702831818,-0.13764534999856723,2.8966178142940016,8.516428608501016,31.104361133961348
1123,0.12842822396223627,0.8320511969330356,-0.1355736692257912,2.1929000539724672,8.999685602862519,31.23977660401598
1124,0.12823176324682004,0.8478049124360355,-0.13866476130974914,2.9420339194132774,8.498545293787107,31.107027289428082
1125,0.12818016581311759,0.8481975160369787,-0.1385815330359197,2.0517234623844702,9.279427842685866,31.0638136607066
1126,0.12852870921555476,0.8519917637343448,-0.14005932690480455,3.7140209715996235,9.194448513385282,31.962879078730236
1127,0.12730665384518725,0.835635142103681,-0.1368027245555861,0.7484101145415365,8.927577867254998,31.22103938028401
1128,0.12827643833544553,0.8631883341055527,-0.14111025582290943,1.3327056402262862,8.849034906037996,30.06341054102502
1129,0.15279848848256822,0.8354681702403381,-0.09926215520104224,0.7144878796832894,4.971680269418261,30.036995101574973
1130,0.15283404377678217,0.8371619029663385,-0.0994464621567063,-0.023572982057719592,4.12569244078458,30.02820106059371
1131,0.1543624916647571,0.8703153748036772,-0.10406723800014657,1.3569217079080875,2.9997320349030847,29.6937153091314
1132,0.15271361486956792,0.836653881618172,-0.10011814158721956,0.7599394600481317,4.9531184821356575,30.04065693362904
1133,0.15268832369292276,0.8387112792826386,-0.10034009387312239,83.37600490729443,-30.05192495362696,-0.06442765386318124
1134,0.15269511268685973,0.8397477191840323,-0.09971591680461242,0.06783317011550669,4.089160400630223,30.03412604001193
1135,0.1526364532937661,0.840108309084263,-0.09975106710859852,83.45681177440157,-30.05219062985013,-0.1117227172907226
